ticker,company_name,security_name,market_cap,market_cap_rank,yahoo_exchange,listing_exchange,etf,test_issue,quote_type
NVDA,NVIDIA Corporation,NVIDIA Corporation - Common Stock,5309727768576,1,NMS,NASDAQ,N,N,EQUITY
AAPL,Apple Inc.,Apple Inc. - Common Stock,4538790051840,2,NMS,NASDAQ,N,N,EQUITY
GOOGL,Alphabet Inc.,Alphabet Inc. - Class A Common Stock,4432495378432,3,NMS,NASDAQ,N,N,EQUITY
GOOG,Alphabet Inc.,Alphabet Inc. - Class C Capital Stock,4404366802944,4,NMS,NASDAQ,N,N,EQUITY
MSFT,Microsoft Corporation,Microsoft Corporation - Common Stock,3619656564736,5,NMS,NASDAQ,N,N,EQUITY
AMZN,"Amazon.com, Inc.","Amazon.com, Inc. - Common Stock",2940888154112,6,NMS,NASDAQ,N,N,EQUITY
AVGO,Broadcom Inc.,Broadcom Inc. - Common Stock,1990000640000,7,NMS,NASDAQ,N,N,EQUITY
META,"Meta Platforms, Inc.","Meta Platforms, Inc. - Class A Common Stock",1499895300096,8,NMS,NASDAQ,N,N,EQUITY
SPCX,Space Exploration Technologies Corp.,Space Exploration Technologies Corp. - Class A Common Stock,1426369150976,9,NMS,NASDAQ,N,N,EQUITY
TSLA,"Tesla, Inc.","Tesla, Inc.  - Common Stock",1269976924160,10,NMS,NASDAQ,N,N,EQUITY
BRK-B,Berkshire Hathaway Inc.,Berkshire Hathaway Inc. New Common Stock,1119083560960,11,NYQ,NYSE,N,N,EQUITY
BRK-A,Berkshire Hathaway Inc.,Berkshire Hathaway Inc. Common Stock,1118251384832,12,NYQ,NYSE,N,N,EQUITY
LLY,Eli Lilly and Company,Eli Lilly and Company Common Stock,1043212533760,13,NYQ,NYSE,N,N,EQUITY
MU,"Micron Technology, Inc.","Micron Technology, Inc. - Common Stock",1008762683392,14,NMS,NASDAQ,N,N,EQUITY
JPM,JPMorgan Chase & Co.,JP Morgan Chase & Co. Common Stock,954931740672,15,NYQ,NYSE,N,N,EQUITY
WMT,Walmart Inc.,Walmart Inc. - Common Stock,894010589184,16,NMS,NASDAQ,N,N,EQUITY
AMD,"Advanced Micro Devices, Inc.","Advanced Micro Devices, Inc. - Common Stock",786030985216,17,NMS,NASDAQ,N,N,EQUITY
XOM,ExxonMobil Holdings Corporation,ExxonMobil Holdings Corporation Common Stock,628498366464,18,NYQ,NYSE,N,N,EQUITY
JNJ,Johnson & Johnson,Johnson & Johnson Common Stock,620765773824,19,NYQ,NYSE,N,N,EQUITY
INTC,Intel Corporation,Intel Corporation - Common Stock,509746610176,20,NMS,NASDAQ,N,N,EQUITY
MA,Mastercard Incorporated,Mastercard Incorporated Common Stock,499746111488,21,NYQ,NYSE,N,N,EQUITY
CSCO,"Cisco Systems, Inc.","Cisco Systems, Inc. - Common Stock",478884298752,22,NMS,NASDAQ,N,N,EQUITY
BAC,Bank of America Corporation,Bank of America Corporation Common Stock,442291355648,23,NYQ,NYSE,N,N,EQUITY
ABBV,AbbVie Inc.,AbbVie Inc. Common Stock,435064274944,24,NYQ,NYSE,N,N,EQUITY
AMAT,"Applied Materials, Inc.","Applied Materials, Inc. - Common Stock",424164884480,25,NMS,NASDAQ,N,N,EQUITY
COST,Costco Wholesale Corporation,Costco Wholesale Corporation - Common Stock,417752612864,26,NMS,NASDAQ,N,N,EQUITY
ORCL,Oracle Corporation,Oracle Corporation Common Stock,415911215104,27,NYQ,NYSE,N,N,EQUITY
CAT,Caterpillar Inc.,"Caterpillar, Inc. Common Stock",401212473344,28,NYQ,NYSE,N,N,EQUITY
GE,GE Aerospace,GE Aerospace Common Stock,395539578880,29,NYQ,NYSE,N,N,EQUITY
LRCX,Lam Research Corporation,Lam Research Corporation - Common Stock,384667877376,30,NMS,NASDAQ,N,N,EQUITY
PLTR,Palantir Technologies Inc.,Palantir Technologies Inc. - Class A Common Stock,379806121984,31,NMS,NASDAQ,N,N,EQUITY
UNH,UnitedHealth Group Incorporated,UnitedHealth Group Incorporated Common Stock (DE),374836592640,32,NYQ,NYSE,N,N,EQUITY
KO,The Coca-Cola Company,Coca-Cola Company (The) Common Stock,373590327296,33,NYQ,NYSE,N,N,EQUITY
CVX,Chevron Corporation,Chevron Corporation Common Stock,371253739520,34,NYQ,NYSE,N,N,EQUITY
HSBC,HSBC Holdings plc,"HSBC Holdings, plc. Common Stock",352155631616,35,NYQ,NYSE,N,N,EQUITY
HD,"The Home Depot, Inc.","Home Depot, Inc. (The) Common Stock",352121782272,36,NYQ,NYSE,N,N,EQUITY
MS,Morgan Stanley,Morgan Stanley Common Stock,343120445440,37,NYQ,NYSE,N,N,EQUITY
PG,The Procter & Gamble Company,Procter & Gamble Company (The) Common Stock,341838331904,38,NYQ,NYSE,N,N,EQUITY
MRK,"Merck & Co., Inc.","Merck & Company, Inc. Common Stock (new)",316952576000,39,NYQ,NYSE,N,N,EQUITY
GS,"The Goldman Sachs Group, Inc.","Goldman Sachs Group, Inc. (The) Common Stock",312819974144,40,NYQ,NYSE,N,N,EQUITY
NFLX,"Netflix, Inc.","Netflix, Inc. - Common Stock",308964294656,41,NMS,NASDAQ,N,N,EQUITY
RTX,RTX Corporation,RTX Corporation Common Stock,299620106240,42,NYQ,NYSE,N,N,EQUITY
DELL,Dell Technologies Inc.,Dell Technologies Inc. Class C Common Stock,298970087424,43,NYQ,NYSE,N,N,EQUITY
PANW,"Palo Alto Networks, Inc.","Palo Alto Networks, Inc. - Common Stock",295567917056,44,NMS,NASDAQ,N,N,EQUITY
PM,Philip Morris International Inc.,Philip Morris International Inc Common Stock,294468812800,45,NYQ,NYSE,N,N,EQUITY
RY,Royal Bank of Canada,Royal Bank Of Canada Common Stock,293593972736,46,NYQ,NYSE,N,N,EQUITY
NVS,Novartis AG,Novartis AG Common Stock,293546426368,47,NYQ,NYSE,N,N,EQUITY
GEV,GE Vernova Inc.,GE Vernova Inc. Common Stock,271116943360,48,NYQ,NYSE,N,N,EQUITY
WFC,Wells Fargo & Company,Wells Fargo & Company Common Stock,269650001920,49,NYQ,NYSE,N,N,EQUITY
TXN,Texas Instruments Incorporated,Texas Instruments Incorporated - Common Stock,253627154432,50,NMS,NASDAQ,N,N,EQUITY
MUFG,"Mitsubishi UFJ Financial Group, Inc.","Mitsubishi UFJ Financial Group, Inc. Common Stock",252827484160,51,NYQ,NYSE,N,N,EQUITY
KLAC,KLA Corporation,KLA Corporation  - Common Stock,251849867264,52,NMS,NASDAQ,N,N,EQUITY
AZN,AstraZeneca PLC,AstraZeneca PLC Ordinary Shares,250468073472,53,NYQ,NYSE,N,N,EQUITY
ANET,"Arista Networks, Inc.","Arista Networks, Inc. Common Stock",248446713856,54,NYQ,NYSE,N,N,EQUITY
AXP,American Express Company,American Express Company Common Stock,235676368896,55,NYQ,NYSE,N,N,EQUITY
C,Citigroup Inc.,"Citigroup, Inc. Common Stock",230877347840,56,NYQ,NYSE,N,N,EQUITY
LIN,Linde plc,Linde plc - Ordinary Shares,226364309504,57,NMS,NASDAQ,N,N,EQUITY
IBM,International Business Machines Corporation,International Business Machines Corporation Common Stock,222268342272,58,NYQ,NYSE,N,N,EQUITY
TM,Toyota Motor Corporation,Toyota Motor Corporation Common Stock,220113321984,59,NYQ,NYSE,N,N,EQUITY
AMGN,Amgen Inc.,Amgen Inc. - Common Stock,220109225984,60,NMS,NASDAQ,N,N,EQUITY
CRWD,"CrowdStrike Holdings, Inc.","CrowdStrike Holdings, Inc. - Class A Common Stock",213691891712,61,NMS,NASDAQ,N,N,EQUITY
TMO,Thermo Fisher Scientific Inc.,Thermo Fisher Scientific Inc Common Stock,213651079168,62,NYQ,NYSE,N,N,EQUITY
APH,Amphenol Corporation,Amphenol Corporation Common Stock,212369063936,63,NYQ,NYSE,N,N,EQUITY
TD,The Toronto-Dominion Bank,Toronto Dominion Bank (The) Common Stock,200145977344,64,NYQ,NYSE,N,N,EQUITY
SNDK,Sandisk Corporation,Sandisk Corporation - Common Stock When-Issued,199995228160,65,NMS,NASDAQ,N,N,EQUITY
NVO,Novo Nordisk A/S,Novo Nordisk A/S Common Stock,196856004608,66,NYQ,NYSE,N,N,EQUITY
MCD,McDonald's Corporation,McDonald's Corporation Common Stock,194678603776,67,NYQ,NYSE,N,N,EQUITY
VZ,Verizon Communications Inc.,Verizon Communications Inc. Common Stock,193072414720,68,NYQ,NYSE,N,N,EQUITY
STX,Seagate Technology Holdings plc,Seagate Technology Holdings PLC - Ordinary Shares (Ireland),190148820992,69,NMS,NASDAQ,N,N,EQUITY
BA,The Boeing Company,Boeing Company (The) Common Stock,189838983168,70,NYQ,NYSE,N,N,EQUITY
PEP,"PepsiCo, Inc.","PepsiCo, Inc. - Common Stock",189573480448,71,NMS,NASDAQ,N,N,EQUITY
MRVL,"Marvell Technology, Inc.","Marvell Technology, Inc. - Common Stock",189399826432,72,NMS,NASDAQ,N,N,EQUITY
TTE,TotalEnergies SE,TotalEnergies SE Ordinary Shares,188024111104,73,NYQ,NYSE,N,N,EQUITY
SCHW,The Charles Schwab Corporation,Charles Schwab Corporation (The) Common Stock,187861401600,74,NYQ,NYSE,N,N,EQUITY
SHOP,Shopify Inc.,Shopify Inc. - Class A Subordinate Voting Shares,187173715968,75,NMS,NASDAQ,N,N,EQUITY
TMUS,"T-Mobile US, Inc.","T-Mobile US, Inc. - Common Stock",186065633280,76,NMS,NASDAQ,N,N,EQUITY
BLK,"BlackRock, Inc.","BlackRock, Inc. Common Stock",184322736128,77,NYQ,NYSE,N,N,EQUITY
ADI,"Analog Devices, Inc.","Analog Devices, Inc. - Common Stock",183967907840,78,NMS,NASDAQ,N,N,EQUITY
ABT,Abbott Laboratories,Abbott Laboratories Common Stock,182918823936,79,NYQ,NYSE,N,N,EQUITY
NEE,"NextEra Energy, Inc.","NextEra Energy, Inc. Common Stock",179206406144,80,NYQ,NYSE,N,N,EQUITY
WDC,Western Digital Corporation,Western Digital Corporation - Common Stock,178948620288,81,NMS,NASDAQ,N,N,EQUITY
DIS,The Walt Disney Company,Walt Disney Company (The) Common Stock,176707420160,82,NYQ,NYSE,N,N,EQUITY
TJX,"The TJX Companies, Inc.","TJX Companies, Inc. (The) Common Stock",176664330240,83,NYQ,NYSE,N,N,EQUITY
UBS,UBS Group AG,UBS Group AG Registered Ordinary Shares,175592013824,84,NYQ,NYSE,N,N,EQUITY
UNP,Union Pacific Corporation,Union Pacific Corporation Common Stock,175573090304,85,NYQ,NYSE,N,N,EQUITY
ETN,Eaton Corporation plc,"Eaton Corporation, PLC Ordinary Shares",173678821376,86,NYQ,NYSE,N,N,EQUITY
WELL,Welltower Inc.,Welltower Inc. Common Stock,170955718656,87,NYQ,NYSE,N,N,EQUITY
BX,Blackstone Inc.,Blackstone Inc. Common Stock,169303932928,88,NYQ,NYSE,N,N,EQUITY
QCOM,QUALCOMM Incorporated,QUALCOMM Incorporated - Common Stock,165406490624,89,NMS,NASDAQ,N,N,EQUITY
DE,Deere & Company,Deere & Company Common Stock,165201707008,90,NYQ,NYSE,N,N,EQUITY
RIO,Rio Tinto Group,Rio Tinto Plc Common Stock,165080875008,91,NYQ,NYSE,N,N,EQUITY
SCCO,Southern Copper Corporation,Southern Copper Corporation Common Stock,164363354112,92,NYQ,NYSE,N,N,EQUITY
GILD,"Gilead Sciences, Inc.","Gilead Sciences, Inc. - Common Stock",163589242880,93,NMS,NASDAQ,N,N,EQUITY
BKNG,Booking Holdings Inc.,Booking Holdings Inc. - Common Stock,160415350784,94,NMS,NASDAQ,N,N,EQUITY
CRM,"Salesforce, Inc.","Salesforce, Inc. Common Stock",158050615296,95,NYQ,NYSE,N,N,EQUITY
BBVA,"Banco Bilbao Vizcaya Argentaria, S.A.",Banco Bilbao Vizcaya Argentaria S.A. Common Stock,155094761472,96,NYQ,NYSE,N,N,EQUITY
IBKR,"Interactive Brokers Group, Inc.","Interactive Brokers Group, Inc. - Class A Common Stock",150974201856,97,NMS,NASDAQ,N,N,EQUITY
PFE,Pfizer Inc.,"Pfizer, Inc. Common Stock",147102646272,98,NYQ,NYSE,N,N,EQUITY
DHR,Danaher Corporation,Danaher Corporation Common Stock,140358189056,99,NYQ,NYSE,N,N,EQUITY
APP,AppLovin Corporation,Applovin Corporation - Class A Common Stock,140355534848,100,NMS,NASDAQ,N,N,EQUITY
COP,ConocoPhillips,ConocoPhillips Common Stock,140152537088,101,NYQ,NYSE,N,N,EQUITY
UBER,"Uber Technologies, Inc.","Uber Technologies, Inc. Common Stock",138787143680,102,NYQ,NYSE,N,N,EQUITY
CB,Chubb Limited,Chubb Limited  Common Stock,136009891840,103,NYQ,NYSE,N,N,EQUITY
COF,Capital One Financial Corporation,Capital One Financial Corporation Common Stock,135966654464,104,NYQ,NYSE,N,N,EQUITY
GLW,Corning Incorporated,Corning Incorporated Common Stock,134705242112,105,NYQ,NYSE,N,N,EQUITY
ISRG,"Intuitive Surgical, Inc.","Intuitive Surgical, Inc. - Common Stock",134425927680,106,NMS,NASDAQ,N,N,EQUITY
PLD,"Prologis, Inc.","Prologis, Inc. Common Stock",134403465216,107,NYQ,NYSE,N,N,EQUITY
LMT,Lockheed Martin Corporation,Lockheed Martin Corporation Common Stock,133304729600,108,NYQ,NYSE,N,N,EQUITY
BMY,Bristol-Myers Squibb Company,Bristol-Myers Squibb Company Common Stock,129977933824,109,NYQ,NYSE,N,N,EQUITY
SYK,Stryker Corporation,Stryker Corporation Common Stock,129275625472,110,NYQ,NYSE,N,N,EQUITY
BMO,Bank of Montreal,Bank Of Montreal Common Stock,126733385728,111,NYQ,NYSE,N,N,EQUITY
CVS,CVS Health Corporation,CVS Health Corporation Common Stock,126469914624,112,NYQ,NYSE,N,N,EQUITY
PH,Parker-Hannifin Corporation,Parker-Hannifin Corporation Common Stock,125695524864,113,NYQ,NYSE,N,N,EQUITY
PGR,The Progressive Corporation,Progressive Corporation (The) Common Stock,123692654592,114,NYQ,NYSE,N,N,EQUITY
LOW,"Lowe's Companies, Inc.","Lowe's Companies, Inc. Common Stock",123321917440,115,NYQ,NYSE,N,N,EQUITY
VRTX,Vertex Pharmaceuticals Incorporated,Vertex Pharmaceuticals Incorporated - Common Stock,122807435264,116,NMS,NASDAQ,N,N,EQUITY
HDB,HDFC Bank Limited,HDFC Bank Limited Common Stock,122469924864,117,NYQ,NYSE,N,N,EQUITY
NOW,"ServiceNow, Inc.","ServiceNow, Inc. Common Stock",121189310464,118,NYQ,NYSE,N,N,EQUITY
SPGI,S&P Global Inc.,S&P Global Inc. Common Stock,120876843008,119,NYQ,NYSE,N,N,EQUITY
SBUX,Starbucks Corporation,Starbucks Corporation - Common Stock,120840003584,120,NMS,NASDAQ,N,N,EQUITY
FTNT,"Fortinet, Inc.","Fortinet, Inc. - Common Stock",120424423424,121,NMS,NASDAQ,N,N,EQUITY
HWM,Howmet Aerospace Inc.,Howmet Aerospace Inc. Common Stock,116599332864,122,NYQ,NYSE,N,N,EQUITY
ENB,Enbridge Inc.,Enbridge Inc Common Stock,113441398784,123,NYQ,NYSE,N,N,EQUITY
MDT,Medtronic plc,Medtronic plc. Ordinary Shares,110071078912,124,NYQ,NYSE,N,N,EQUITY
SNOW,Snowflake Inc.,Snowflake Inc. Common Stock,109816741888,125,NYQ,NYSE,N,N,EQUITY
IBN,ICICI Bank Limited,ICICI Bank Limited Common Stock,109033807872,126,NYQ,NYSE,N,N,EQUITY
BNY,The Bank of New York Mellon Cor,The Bank of New York Mellon Corporation Common Stock,107705745408,127,NYQ,NYSE,N,N,EQUITY
ADP,"Automatic Data Processing, Inc.","Automatic Data Processing, Inc. - Common Stock",107441799168,128,NMS,NASDAQ,N,N,EQUITY
SO,The Southern Company,Southern Company (The) Common Stock,107098791936,129,NYQ,NYSE,N,N,EQUITY
VRT,Vertiv Holdings Co,"Vertiv Holdings, LLC Class A Common Stock",107003609088,130,NYQ,NYSE,N,N,EQUITY
BP,BP p.l.c.,BP p.l.c. Common Stock,106129858560,131,NYQ,NYSE,N,N,EQUITY
ACN,Accenture plc,Accenture plc Class A Ordinary Shares (Ireland),104476868608,132,NYQ,NYSE,N,N,EQUITY
EQIX,"Equinix, Inc.","Equinix, Inc. - Common Stock",104217034752,133,NMS,NASDAQ,N,N,EQUITY
NET,"Cloudflare, Inc.","Cloudflare, Inc. Class A Common Stock",103983087616,134,NYQ,NYSE,N,N,EQUITY
GD,General Dynamics Corporation,General Dynamics Corporation Common Stock,103915601920,135,NYQ,NYSE,N,N,EQUITY
CVNA,Carvana Co.,Carvana Co. Class A Common Stock,103391272960,136,NYQ,NYSE,N,N,EQUITY
ADBE,Adobe Inc.,Adobe Inc. - Common Stock,103079706624,137,NMS,NASDAQ,N,N,EQUITY
MCK,McKesson Corporation,McKesson Corporation Common Stock,102704103424,138,NYQ,NYSE,N,N,EQUITY
PWR,"Quanta Services, Inc.","Quanta Services, Inc. Common Stock",102683033600,139,NYQ,NYSE,N,N,EQUITY
ING,ING Groep N.V.,"ING Group, N.V. Common Stock",102670467072,140,NYQ,NYSE,N,N,EQUITY
PNC,"The PNC Financial Services Group, Inc.","PNC Financial Services Group, Inc. (The) Common Stock",101892628480,141,NYQ,NYSE,N,N,EQUITY
DDOG,"Datadog, Inc.","Datadog, Inc. - Class A Common Stock",100797251584,142,NMS,NASDAQ,N,N,EQUITY
USB,U.S. Bancorp,U.S. Bancorp Common Stock,100021952512,143,NYQ,NYSE,N,N,EQUITY
BN,Brookfield Corporation,Brookfield Corporation Class A Limited Voting Shares,99484352512,144,NYQ,NYSE,N,N,EQUITY
SPOT,Spotify Technology S.A.,Spotify Technology S.A. Ordinary Shares,99156164608,145,NYQ,NYSE,N,N,EQUITY
KKR,KKR & Co. Inc.,KKR & Co. Inc. Common Stock,98512453632,146,NYQ,NYSE,N,N,EQUITY
MELI,"MercadoLibre, Inc.","MercadoLibre, Inc. - Common Stock",97468882944,147,NMS,NASDAQ,N,N,EQUITY
FCX,Freeport-McMoRan Inc.,"Freeport-McMoRan, Inc. Common Stock",97145995264,148,NYQ,NYSE,N,N,EQUITY
DUK,Duke Energy Corporation,Duke Energy Corporation (Holding Company) Common Stock,96168468480,149,NYQ,NYSE,N,N,EQUITY
BCS,Barclays PLC,Barclays PLC Common Stock,95957950464,150,NYQ,NYSE,N,N,EQUITY
CME,CME Group Inc.,CME Group Inc. - Class A Common Stock,95209398272,151,NMS,NASDAQ,N,N,EQUITY
CSX,CSX Corporation,CSX Corporation - Common Stock,94698512384,152,NMS,NASDAQ,N,N,EQUITY
CEG,Constellation Energy Corporation,Constellation Energy Corporation - Common Stock When-Issued,94674886656,153,NMS,NASDAQ,N,N,EQUITY
MMM,3M Company,3M Company Common Stock,93902741504,154,NYQ,NYSE,N,N,EQUITY
CNQ,Canadian Natural Resources Limited,Canadian Natural Resources Limited Common Stock,93335519232,155,NYQ,NYSE,N,N,EQUITY
JCI,Johnson Controls International plc,Johnson Controls International plc Ordinary Share,93072171008,156,NYQ,NYSE,N,N,EQUITY
CDNS,"Cadence Design Systems, Inc.","Cadence Design Systems, Inc. - Common Stock",92826714112,157,NMS,NASDAQ,N,N,EQUITY
MNST,Monster Beverage Corporation,Monster Beverage Corporation - Common Stock,92382650368,158,NMS,NASDAQ,N,N,EQUITY
UPS,"United Parcel Service, Inc.","United Parcel Service, Inc. Common Stock",91545673728,159,NYQ,NYSE,N,N,EQUITY
MRSH,"Marsh & McLennan Companies, Inc.",Marsh Common Stock,91371642880,160,NYQ,NYSE,N,N,EQUITY
EMR,Emerson Electric Co.,Emerson Electric Company Common Stock,90999439360,161,NYQ,NYSE,N,N,EQUITY
ABNB,"Airbnb, Inc.","Airbnb, Inc. - Class A Common Stock",90503561216,162,NMS,NASDAQ,N,N,EQUITY
DASH,"DoorDash, Inc.","DoorDash, Inc. - Common Stock",90311417856,163,NMS,NASDAQ,N,N,EQUITY
SHW,The Sherwin-Williams Company,Sherwin-Williams Company (The) Common Stock,89742827520,164,NYQ,NYSE,N,N,EQUITY
CMI,Cummins Inc.,Cummins Inc. Common Stock,89727393792,165,NYQ,NYSE,N,N,EQUITY
INTU,Intuit Inc.,Intuit Inc. - Common Stock,89703718912,166,NMS,NASDAQ,N,N,EQUITY
WM,"Waste Management, Inc.","Waste Management, Inc. Common Stock",89660112896,167,NYQ,NYSE,N,N,EQUITY
HCA,"HCA Healthcare, Inc.","HCA Healthcare, Inc. Common Stock",88687681536,168,NYQ,NYSE,N,N,EQUITY
CMCSA,Comcast Corporation,Comcast Corporation - Class A Common Stock,87828758528,169,NMS,NASDAQ,N,N,EQUITY
WMB,"The Williams Companies, Inc.","Williams Companies, Inc. (The) Common Stock",87823499264,170,NYQ,NYSE,N,N,EQUITY
RCL,Royal Caribbean Cruises Ltd.,Royal Caribbean Cruises Ltd. Common Stock,87569162240,171,NYQ,NYSE,N,N,EQUITY
VLO,Valero Energy Corporation,Valero Energy Corporation Common Stock,87066386432,172,NYQ,NYSE,N,N,EQUITY
MPC,Marathon Petroleum Corporation,Marathon Petroleum Corporation Common Stock,86924132352,173,NYQ,NYSE,N,N,EQUITY
ITW,Illinois Tool Works Inc.,Illinois Tool Works Inc. Common Stock,85538963456,174,NYQ,NYSE,N,N,EQUITY
SPG,"Simon Property Group, Inc.","Simon Property Group, Inc. Common Stock",85423218688,175,NYQ,NYSE,N,N,EQUITY
ELV,"Elevance Health, Inc.","Elevance Health, Inc. Common Stock",84847943680,176,NYQ,NYSE,N,N,EQUITY
ICE,"Intercontinental Exchange, Inc.",Intercontinental Exchange Inc. Common Stock,84119347200,177,NYQ,NYSE,N,N,EQUITY
BAM,Brookfield Asset Management Ltd.,Brookfield Asset Management Inc Class A Limited Voting Shares,84038868992,178,NYQ,NYSE,N,N,EQUITY
MCO,Moody's Corporation,Moody's Corporation Common Stock,83816136704,179,NYQ,NYSE,N,N,EQUITY
AEM,Agnico Eagle Mines Limited,Agnico Eagle Mines Limited Common Stock,83778068480,180,NYQ,NYSE,N,N,EQUITY
HOOD,"Robinhood Markets, Inc.","Robinhood Markets, Inc. - Class A Common Stock",83434840064,181,NMS,NASDAQ,N,N,EQUITY
EPD,Enterprise Products Partners L.P.,Enterprise Products Partners L.P. Common Stock,81607909376,182,NYQ,NYSE,N,N,EQUITY
ROST,"Ross Stores, Inc.","Ross Stores, Inc. - Common Stock",81228185600,183,NMS,NASDAQ,N,N,EQUITY
PSX,Phillips 66,Phillips 66 Common Stock,81209384960,184,NYQ,NYSE,N,N,EQUITY
GM,General Motors Company,General Motors Company Common Stock,80640901120,185,NYQ,NYSE,N,N,EQUITY
CTAS,Cintas Corporation,Cintas Corporation - Common Stock,80594149376,186,NMS,NASDAQ,N,N,EQUITY
CP,Canadian Pacific Kansas City Limited,Canadian Pacific Kansas City Limited Common Shares,80391790592,187,NYQ,NYSE,N,N,EQUITY
ECL,Ecolab Inc.,Ecolab Inc. Common Stock,80341966848,188,NYQ,NYSE,N,N,EQUITY
MDLZ,"Mondelez International, Inc.","Mondelez International, Inc. - Class A Common Stock",79896887296,189,NMS,NASDAQ,N,N,EQUITY
TRV,"The Travelers Companies, Inc.","The Travelers Companies, Inc. Common Stock",79769518080,190,NYQ,NYSE,N,N,EQUITY
NOC,Northrop Grumman Corporation,Northrop Grumman Corporation Common Stock,79195873280,191,NYQ,NYSE,N,N,EQUITY
REGN,"Regeneron Pharmaceuticals, Inc.","Regeneron Pharmaceuticals, Inc. - Common Stock",79129149440,192,NMS,NASDAQ,N,N,EQUITY
HON,Honeywell International Inc.,Honeywell International Inc. - Common Stock,78639153152,193,NMS,NASDAQ,N,N,EQUITY
AMT,American Tower Corporation,American Tower Corporation (REIT) Common Stock,78313914368,194,NYQ,NYSE,N,N,EQUITY
CNI,Canadian National Railway Company,Canadian National Railway Company Common Stock,77148946432,195,NYQ,NYSE,N,N,EQUITY
NSC,Norfolk Southern Corporation,Norfolk Southern Corporation Common Stock,76757663744,196,NYQ,NYSE,N,N,EQUITY
SNPS,"Synopsys, Inc.","Synopsys, Inc. - Common Stock",76748742656,197,NMS,NASDAQ,N,N,EQUITY
E,Eni S.p.A.,ENI S.p.A. Common Stock,76537815040,198,NYQ,NYSE,N,N,EQUITY
AON,Aon plc,Aon plc Class A Ordinary Shares (Ireland),76358795264,199,NYQ,NYSE,N,N,EQUITY
ORLY,"O'Reilly Automotive, Inc.","O'Reilly Automotive, Inc. - Common Stock",76262539264,200,NMS,NASDAQ,N,N,EQUITY
APO,"Apollo Global Management, Inc.","Apollo Global Management, Inc. (New) Common Stock",74797383680,201,NYQ,NYSE,N,N,EQUITY
CL,Colgate-Palmolive Company,Colgate-Palmolive Company Common Stock,74360274944,202,NYQ,NYSE,N,N,EQUITY
SU,Suncor Energy Inc.,Suncor Energy  Inc. Common Stock,74174414848,203,NYQ,NYSE,N,N,EQUITY
SLB,SLB N.V.,SLB Limited Common Shares,74073587712,204,NYQ,NYSE,N,N,EQUITY
MFC,Manulife Financial Corporation,Manulife Financial Corporation Common Stock,74039230464,205,NYQ,NYSE,N,N,EQUITY
FDX,FedEx Corporation,FedEx Corporation Common Stock,73510502400,206,NYQ,NYSE,N,N,EQUITY
DLR,"Digital Realty Trust, Inc.","Digital Realty Trust, Inc. Common Stock",73357844480,207,NYQ,NYSE,N,N,EQUITY
HLT,Hilton Worldwide Holdings Inc.,Hilton Worldwide Holdings Inc. Common Stock,73047064576,208,NYQ,NYSE,N,N,EQUITY
MSI,"Motorola Solutions, Inc.","Motorola Solutions, Inc. Common Stock",72729305088,209,NYQ,NYSE,N,N,EQUITY
URI,"United Rentals, Inc.","United Rentals, Inc. Common Stock",72328265728,210,NYQ,NYSE,N,N,EQUITY
RACE,Ferrari N.V.,Ferrari N.V. Common Shares,71501127680,211,NYQ,NYSE,N,N,EQUITY
EOG,"EOG Resources, Inc.","EOG Resources, Inc. Common Stock",71494729728,212,NYQ,NYSE,N,N,EQUITY
DB,Deutsche Bank Aktiengesellschaft,Deutsche Bank AG Common Stock,71477166080,213,NYQ,NYSE,N,N,EQUITY
CI,The Cigna Group,The Cigna Group Common Stock,71477051392,214,NYQ,NYSE,N,N,EQUITY
HPE,Hewlett Packard Enterprise Company,Hewlett Packard Enterprise Company Common Stock,70474113024,215,NYQ,NYSE,N,N,EQUITY
PCAR,PACCAR Inc,PACCAR Inc. - Common Stock,70185500672,216,NMS,NASDAQ,N,N,EQUITY
TDG,TransDigm Group Incorporated,Transdigm Group Incorporated Common Stock,70180421632,217,NYQ,NYSE,N,N,EQUITY
NU,Nu Holdings Ltd.,Nu Holdings Ltd. Class A Ordinary Shares,69945409536,218,NYQ,NYSE,N,N,EQUITY
KMI,"Kinder Morgan, Inc.","Kinder Morgan, Inc. Common Stock",69298085888,219,NYQ,NYSE,N,N,EQUITY
BSX,Boston Scientific Corporation,Boston Scientific Corporation Common Stock,69186224128,220,NYQ,NYSE,N,N,EQUITY
BE,Bloom Energy Corporation,Bloom Energy Corporation Class A Common Stock,69016600576,221,NYQ,NYSE,N,N,EQUITY
B,Barrick Mining Corporation,Barrick Mining Corporation Common Shares,68945051648,222,NYQ,NYSE,N,N,EQUITY
AEP,"American Electric Power Company, Inc.","American Electric Power Company, Inc. - Common Stock",68849934336,223,NMS,NASDAQ,N,N,EQUITY
ALL,The Allstate Corporation,Allstate Corporation (The) Common Stock,68111003648,224,NYQ,NYSE,N,N,EQUITY
TGT,Target Corporation,Target Corporation Common Stock,67084025856,225,NYQ,NYSE,N,N,EQUITY
CRH,CRH plc,CRH PLC Ordinary Shares,66528448512,226,NYQ,NYSE,N,N,EQUITY
TRP,TC Energy Corporation,TC Energy Corporation Common Stock,66527236096,227,NYQ,NYSE,N,N,EQUITY
MPWR,"Monolithic Power Systems, Inc.","Monolithic Power Systems, Inc. - Common Stock",66101956608,228,NMS,NASDAQ,N,N,EQUITY
APD,"Air Products and Chemicals, Inc.","Air Products and Chemicals, Inc. Common Stock",65712275456,229,NYQ,NYSE,N,N,EQUITY
MDLN,Medline Inc.,Medline Inc. - Class A common stock,65328603136,230,NMS,NASDAQ,N,N,EQUITY
WBD,"Warner Bros. Discovery, Inc.","Warner Bros. Discovery, Inc. - Series A Common Stock",65110339584,231,NMS,NASDAQ,N,N,EQUITY
TFC,Truist Financial Corporation,Truist Financial Corporation Common Stock,64562946048,232,NYQ,NYSE,N,N,EQUITY
HONA,Honeywell Aerospace Inc.,Honeywell Aerospace Inc. - Common Stock,64541609984,233,NMS,NASDAQ,N,N,EQUITY
AJG,Arthur J. Gallagher & Co.,Arthur J. Gallagher & Co. Common Stock,64349278208,234,NYQ,NYSE,N,N,EQUITY
LITE,Lumentum Holdings Inc.,Lumentum Holdings Inc. - Common Stock,64283029504,235,NMS,NASDAQ,N,N,EQUITY
COHR,Coherent Corp.,Coherent Corp. Common Stock,64212742144,236,NYQ,NYSE,N,N,EQUITY
AFL,Aflac Incorporated,AFLAC Incorporated Common Stock,63908143104,237,NYQ,NYSE,N,N,EQUITY
RSG,"Republic Services, Inc.","Republic Services, Inc. Common Stock",63692623872,238,NYQ,NYSE,N,N,EQUITY
TEL,TE Connectivity plc,TE Connectivity plc Ordinary Shares,63212867584,239,NYQ,NYSE,N,N,EQUITY
NKE,"NIKE, Inc.","Nike, Inc. Common Stock",62974521344,240,NYQ,NYSE,N,N,EQUITY
NUE,Nucor Corporation,Nucor Corporation Common Stock,62569545728,241,NYQ,NYSE,N,N,EQUITY
IMO,Imperial Oil Limited,Imperial Oil Limited Common Stock,62323806208,242,ASE,NYSE American,N,N,EQUITY
MET,"MetLife, Inc.","MetLife, Inc. Common Stock",61937225728,243,NYQ,NYSE,N,N,EQUITY
COR,"Cencora, Inc.","Cencora, Inc. Common Stock",61718659072,244,NYQ,NYSE,N,N,EQUITY
DAL,"Delta Air Lines, Inc.","Delta Air Lines, Inc. Common Stock",61251010560,245,NYQ,NYSE,N,N,EQUITY
BKR,Baker Hughes Company,Baker Hughes Company - Common Stock,61218205696,246,NMS,NASDAQ,N,N,EQUITY
FIX,"Comfort Systems USA, Inc.","Comfort Systems USA, Inc. Common Stock",61132546048,247,NYQ,NYSE,N,N,EQUITY
PSA,Public Storage,Public Storage Common Stock,61129351168,248,NYQ,NYSE,N,N,EQUITY
TER,"Teradyne, Inc.","Teradyne, Inc. - Common Stock",60877529088,249,NMS,NASDAQ,N,N,EQUITY
GWW,"W.W. Grainger, Inc.","W.W. Grainger, Inc. Common Stock",60672159744,250,NYQ,NYSE,N,N,EQUITY
D,"Dominion Energy, Inc.","Dominion Energy, Inc. Common Stock",60045234176,251,NYQ,NYSE,N,N,EQUITY
O,Realty Income Corporation,Realty Income Corporation Common Stock,58467282944,252,NYQ,NYSE,N,N,EQUITY
GRMN,Garmin Ltd.,Garmin Ltd. Common Stock (Switzerland),58347536384,253,NYQ,NYSE,N,N,EQUITY
NXPI,NXP Semiconductors N.V.,NXP Semiconductors N.V. - Common Stock,58287747072,254,NMS,NASDAQ,N,N,EQUITY
CIEN,Ciena Corporation,Ciena Corporation Common Stock,57871081472,255,NYQ,NYSE,N,N,EQUITY
KEYS,"Keysight Technologies, Inc.",Keysight Technologies Inc. Common Stock,57424257024,256,NYQ,NYSE,N,N,EQUITY
FAST,Fastenal Company,Fastenal Company - Common Stock,57363406848,257,NMS,NASDAQ,N,N,EQUITY
F,Ford Motor Company,Ford Motor Company Common Stock,56344727552,258,NYQ,NYSE,N,N,EQUITY
CAH,"Cardinal Health, Inc.","Cardinal Health, Inc. Common Stock",56029065216,259,NYQ,NYSE,N,N,EQUITY
TRGP,Targa Resources Corp.,"Targa Resources, Inc. Common Stock",55831023616,260,NYQ,NYSE,N,N,EQUITY
WPM,Wheaton Precious Metals Corp.,Wheaton Precious Metals Corp Common Shares (Canada),55775641600,261,NYQ,NYSE,N,N,EQUITY
NBIS,Nebius Group N.V.,Nebius Group N.V. - Class A Ordinary Shares,55601168384,262,NMS,NASDAQ,N,N,EQUITY
SRE,Sempra,DBA Sempra Common Stock,55342870528,263,NYQ,NYSE,N,N,EQUITY
OKE,"ONEOK, Inc.","ONEOK, Inc. Common Stock",54964064256,264,NYQ,NYSE,N,N,EQUITY
ALAB,"Astera Labs, Inc.","Astera Labs, Inc. - Common Stock",54581428224,265,NMS,NASDAQ,N,N,EQUITY
CARR,Carrier Global Corporation,Carrier Global Corporation Common Stock,53935587328,266,NYQ,NYSE,N,N,EQUITY
OXY,Occidental Petroleum Corporation,Occidental Petroleum Corporation Common Stock,53521293312,267,NYQ,NYSE,N,N,EQUITY
LNG,"Cheniere Energy, Inc.","Cheniere Energy, Inc. Common Stock",53385433088,268,NYQ,NYSE,N,N,EQUITY
LHX,"L3Harris Technologies, Inc.","L3Harris Technologies, Inc. Common Stock",53279727616,269,NYQ,NYSE,N,N,EQUITY
NDAQ,"Nasdaq, Inc.","Nasdaq, Inc. - Common Stock",52856897536,270,NMS,NASDAQ,N,N,EQUITY
CTVA,"Corteva, Inc.","Corteva, Inc. Common Stock",52488310784,271,NYQ,NYSE,N,N,EQUITY
FANG,"Diamondback Energy, Inc.","Diamondback Energy, Inc. - Common Stock",52372099072,272,NMS,NASDAQ,N,N,EQUITY
FITB,Fifth Third Bancorp,Fifth Third Bancorp Common Stock,52218601472,273,NYQ,NYSE,N,N,EQUITY
STT,State Street Corporation,State Street Corporation Common Stock,51382964224,274,NYQ,NYSE,N,N,EQUITY
HEI,HEICO Corporation,Heico Corporation Common Stock,51255791616,275,NYQ,NYSE,N,N,EQUITY
EW,Edwards Lifesciences Corporation,Edwards Lifesciences Corporation Common Stock,51228925952,276,NYQ,NYSE,N,N,EQUITY
CVE,Cenovus Energy Inc.,Cenovus Energy Inc Common Stock,51140911104,277,NYQ,NYSE,N,N,EQUITY
ADSK,"Autodesk, Inc.","Autodesk, Inc. - Common Stock",50681192448,278,NMS,NASDAQ,N,N,EQUITY
XYZ,"Block, Inc.","Block, Inc. Class A Common Stock,",50114236416,279,NYQ,NYSE,N,N,EQUITY
ROK,"Rockwell Automation, Inc.","Rockwell Automation, Inc. Common Stock",50078838784,280,NYQ,NYSE,N,N,EQUITY
AZO,"AutoZone, Inc.","AutoZone, Inc. Common Stock",50054520832,281,NYQ,NYSE,N,N,EQUITY
WAB,Westinghouse Air Brake Technologies Corporation,Westinghouse Air Brake Technologies Corporation Common Stock,50049974272,282,NYQ,NYSE,N,N,EQUITY
ETR,Entergy Corporation,Entergy Corporation Common Stock,49864241152,283,NYQ,NYSE,N,N,EQUITY
AMP,"Ameriprise Financial, Inc.","Ameriprise Financial, Inc. Common Stock",49595056128,284,NYQ,NYSE,N,N,EQUITY
PYPL,"PayPal Holdings, Inc.","PayPal Holdings, Inc. - Common Stock",49556848640,285,NMS,NASDAQ,N,N,EQUITY
FERG,Ferguson Enterprises Inc.,Ferguson Enterprises Inc. Common Stock,49502629888,286,NYQ,NYSE,N,N,EQUITY
EBAY,eBay Inc.,eBay Inc. - Common Stock,49350598656,287,NMS,NASDAQ,N,N,EQUITY
DEO,Diageo plc,Diageo plc Common Stock,49158234112,288,NYQ,NYSE,N,N,EQUITY
AXON,"Axon Enterprise, Inc.","Axon Enterprise, Inc. - Common Stock",49126162432,289,NMS,NASDAQ,N,N,EQUITY
CRWV,"CoreWeave, Inc.","CoreWeave, Inc. - Class A Common Stock",49041321984,290,NMS,NASDAQ,N,N,EQUITY
DVN,Devon Energy Corporation,Devon Energy Corporation Common Stock,48546738176,291,NYQ,NYSE,N,N,EQUITY
UMC,United Microelectronics Corporation,United Microelectronics Corporation (NEW) Common Stock,48377561088,292,NYQ,NYSE,N,N,EQUITY
VIK,Viking Holdings Ltd,Viking Holdings Ltd Ordinary Shares,48300969984,293,NYQ,NYSE,N,N,EQUITY
XEL,Xcel Energy Inc.,Xcel Energy Inc. - Common Stock,48221765632,294,NMS,NASDAQ,N,N,EQUITY
CCEP,Coca-Cola Europacific Partners PLC,Coca-Cola Europacific Partners plc - Ordinary Shares,48007376896,295,NMS,NASDAQ,N,N,EQUITY
FER,Ferrovial N.V.,Ferrovial N.V. - Ordinary Shares,47976038400,296,NMS,NASDAQ,N,N,EQUITY
CBRS,Cerebras Systems Inc.,Cerebras Systems Inc. - Class A Common Stock,47756873728,297,NMS,NASDAQ,N,N,EQUITY
VTR,"Ventas, Inc.","Ventas, Inc. Common Stock",47462928384,298,NYQ,NYSE,N,N,EQUITY
VST,Vistra Corp.,Vistra Corp. Common Stock,47401111552,299,NYQ,NYSE,N,N,EQUITY
EXC,Exelon Corporation,Exelon Corporation - Common Stock,47144419328,300,NMS,NASDAQ,N,N,EQUITY
STM,STMicroelectronics N.V.,STMicroelectronics N.V. Common Stock,47064367104,301,NYQ,NYSE,N,N,EQUITY
BDX,"Becton, Dickinson and Company","Becton, Dickinson and Company Common Stock",47023726592,302,NYQ,NYSE,N,N,EQUITY
RKLB,Rocket Lab Corporation,Rocket Lab Corporation - Common Stock,46748938240,303,NMS,NASDAQ,N,N,EQUITY
IDXX,"IDEXX Laboratories, Inc.","IDEXX Laboratories, Inc. - Common Stock",46129201152,304,NMS,NASDAQ,N,N,EQUITY
ARES,Ares Management Corporation,Ares Management Corporation Class A Common Stock,46102663168,305,NYQ,NYSE,N,N,EQUITY
SLF,Sun Life Financial Inc.,Sun Life Financial Inc. Common Stock,45380526080,306,NYQ,NYSE,N,N,EQUITY
JBS,JBS N.V.,JBS N.V. Class A Common Shares,45059923968,307,NYQ,NYSE,N,N,EQUITY
FLEX,Flex Ltd.,Flex Ltd. - Ordinary Shares,45022834688,308,NMS,NASDAQ,N,N,EQUITY
AU,AngloGold Ashanti plc,AngloGold Ashanti PLC Ordinary Shares,44811153408,309,NYQ,NYSE,N,N,EQUITY
ODFL,"Old Dominion Freight Line, Inc.","Old Dominion Freight Line, Inc. - Common Stock",44806766592,310,NMS,NASDAQ,N,N,EQUITY
TTWO,"Take-Two Interactive Software, Inc.","Take-Two Interactive Software, Inc. - Common Stock",43923578880,311,NMS,NASDAQ,N,N,EQUITY
CBRE,"CBRE Group, Inc.",CBRE Group Inc Common Stock Class A,43772203008,312,NYQ,NYSE,N,N,EQUITY
HUM,Humana Inc.,Humana Inc. Common Stock,43687616512,313,NYQ,NYSE,N,N,EQUITY
CMG,"Chipotle Mexican Grill, Inc.","Chipotle Mexican Grill, Inc. Common Stock",43656921088,314,NYQ,NYSE,N,N,EQUITY
UAL,"United Airlines Holdings, Inc.","United Airlines Holdings, Inc. - Common Stock",43089874944,315,NMS,NASDAQ,N,N,EQUITY
TRI,Thomson Reuters Corporation,Thomson Reuters Corp - Common Shares,43047096320,316,NMS,NASDAQ,N,N,EQUITY
LYV,"Live Nation Entertainment, Inc.","Live Nation Entertainment, Inc. Common Stock",42752729088,317,NYQ,NYSE,N,N,EQUITY
AIG,"American International Group, Inc.","American International Group, Inc. New Common Stock",42480123904,318,NYQ,NYSE,N,N,EQUITY
FMX,"Fomento Económico Mexicano, S.A.B. de C.V.",Fomento Economico Mexicano S.A.B. de C.V. Common Stock,42370555904,319,NYQ,NYSE,N,N,EQUITY
DHI,"D.R. Horton, Inc.","D.R. Horton, Inc. Common Stock",42360758272,320,NYQ,NYSE,N,N,EQUITY
MCHP,Microchip Technology Incorporated,Microchip Technology Incorporated - Common Stock,42240622592,321,NMS,NASDAQ,N,N,EQUITY
WDAY,"Workday, Inc.","Workday, Inc. - Class A Common Stock",42142318592,322,NMS,NASDAQ,N,N,EQUITY
PAYX,"Paychex, Inc.","Paychex, Inc. - Common Stock",42066608128,323,NMS,NASDAQ,N,N,EQUITY
RVMD,"Revolution Medicines, Inc.","Revolution Medicines, Inc. - Common Stock",41945284608,324,NMS,NASDAQ,N,N,EQUITY
CRDO,Credo Technology Group Holding Ltd,Credo Technology Group Holding Ltd - Ordinary Shares,41888534528,325,NMS,NASDAQ,N,N,EQUITY
KDP,Keurig Dr Pepper Inc.,Keurig Dr Pepper Inc. - Common Stock,41837203456,326,NMS,NASDAQ,N,N,EQUITY
PRU,"Prudential Financial, Inc.","Prudential Financial, Inc. Common Stock",41734586368,327,NYQ,NYSE,N,N,EQUITY
CLS,Celestica Inc.,"Celestica, Inc. Common Stock",41710903296,328,NYQ,NYSE,N,N,EQUITY
MSCI,MSCI Inc.,MSCI Inc. Common Stock,41574948864,329,NYQ,NYSE,N,N,EQUITY
WCN,"Waste Connections, Inc.","Waste Connections, Inc. Common Shares",41462149120,330,NYQ,NYSE,N,N,EQUITY
CCJ,Cameco Corporation,Cameco Corporation Common Stock,41057693696,331,NYQ,NYSE,N,N,EQUITY
CCL,Carnival Corporation Ltd.,Carnival Corporation Ltd. Common Shares,40637489152,332,NYQ,NYSE,N,N,EQUITY
ESLT,Elbit Systems Ltd.,Elbit Systems Ltd. - Ordinary Shares,40491597824,333,NMS,NASDAQ,N,N,EQUITY
SYY,Sysco Corporation,Sysco Corporation Common Stock,40314720256,334,NYQ,NYSE,N,N,EQUITY
ED,"Consolidated Edison, Inc.","Consolidated Edison, Inc. Common Stock",39919136768,335,NYQ,NYSE,N,N,EQUITY
A,"Agilent Technologies, Inc.","Agilent Technologies, Inc. Common Stock",39853969408,336,NYQ,NYSE,N,N,EQUITY
HMC,"Honda Motor Co., Ltd.","Honda Motor Company, Ltd. Common Stock",39704322048,337,NYQ,NYSE,N,N,EQUITY
COIN,"Coinbase Global, Inc.","Coinbase Global, Inc. - Class A Common Stock",39546515456,338,NMS,NASDAQ,N,N,EQUITY
HIG,"The Hartford Insurance Group, Inc.","The Hartford Insurance Group, Inc. Common Stock",39365185536,339,NYQ,NYSE,N,N,EQUITY
NTRA,"Natera, Inc.","Natera, Inc. - Common Stock",39329804288,340,NMS,NASDAQ,N,N,EQUITY
WAT,Waters Corporation,Waters Corporation Common Stock,39274340352,341,NYQ,NYSE,N,N,EQUITY
RKT,"Rocket Companies, Inc.","Rocket Companies, Inc. Class A Common Stock",39215894528,342,NYQ,NYSE,N,N,EQUITY
ROP,"Roper Technologies, Inc.","Roper Technologies, Inc. - Common Stock",39019360256,343,NMS,NASDAQ,N,N,EQUITY
IQV,IQVIA Holdings Inc.,"IQVIA Holdings, Inc. Common Stock",38853828608,344,NYQ,NYSE,N,N,EQUITY
EXPE,"Expedia Group, Inc.","Expedia Group, Inc. - Common Stock",38366257152,345,NMS,NASDAQ,N,N,EQUITY
STLD,"Steel Dynamics, Inc.","Steel Dynamics, Inc. - Common Stock",38119538688,346,NMS,NASDAQ,N,N,EQUITY
PCG,PG&E Corporation,Pacific Gas & Electric Co. Common Stock,37880713216,347,NYQ,NYSE,N,N,EQUITY
IRM,Iron Mountain Incorporated,Iron Mountain Incorporated (Delaware)Common Stock REIT,37824311296,348,NYQ,NYSE,N,N,EQUITY
KVUE,Kenvue Inc.,Kenvue Inc. Common Stock,37766569984,349,NYQ,NYSE,N,N,EQUITY
PEG,Public Service Enterprise Group Incorporated,Public Service Enterprise Group Incorporated Common Stock,37643198464,350,NYQ,NYSE,N,N,EQUITY
ADM,Archer-Daniels-Midland Company,Archer-Daniels-Midland Company Common Stock,37390188544,351,NYQ,NYSE,N,N,EQUITY
KMB,Kimberly-Clark Corporation,Kimberly-Clark Corporation - Common Stock,37300137984,352,NMS,NASDAQ,N,N,EQUITY
HEI-A,HEICO Corporation,Heico Corporation Common Stock,37234507776,353,NYQ,NYSE,N,N,EQUITY
VMC,Vulcan Materials Company,Vulcan Materials Company (Holding Company) Common Stock,37159292928,354,NYQ,NYSE,N,N,EQUITY
NTAP,"NetApp, Inc.","NetApp, Inc. - Common Stock",36617318400,355,NMS,NASDAQ,N,N,EQUITY
MTB,M&T Bank Corporation,M&T Bank Corporation Common Stock,36514418688,356,NYQ,NYSE,N,N,EQUITY
EME,"EMCOR Group, Inc.","EMCOR Group, Inc. Common Stock",36265394176,357,NYQ,NYSE,N,N,EQUITY
HSY,The Hershey Company,The Hershey Company Common Stock,36082229248,358,NYQ,NYSE,N,N,EQUITY
MSTR,Strategy Inc,Strategy Inc - Class A Common Stock,35936493568,359,NMS,NASDAQ,N,N,EQUITY
HBAN,Huntington Bancshares Incorporated,Huntington Bancshares Incorporated - Common Stock,35559301120,360,NMS,NASDAQ,N,N,EQUITY
JBL,Jabil Inc.,Jabil Inc. Common Stock,35483004928,361,NYQ,NYSE,N,N,EQUITY
WEC,"WEC Energy Group, Inc.","WEC Energy Group, Inc. Common Stock",35276455936,362,NYQ,NYSE,N,N,EQUITY
IR,Ingersoll Rand Inc.,Ingersoll Rand Inc. Common Stock,34919948288,363,NYQ,NYSE,N,N,EQUITY
PUK,Prudential plc,Prudential Public Limited Company Common Stock,34756210688,364,NYQ,NYSE,N,N,EQUITY
KR,The Kroger Co.,Kroger Company (The) Common Stock,34724847616,365,NYQ,NYSE,N,N,EQUITY
RJF,"Raymond James Financial, Inc.","Raymond James Financial, Inc. Common Stock",34683654144,366,NYQ,NYSE,N,N,EQUITY
VEEV,Veeva Systems Inc.,Veeva Systems Inc. Class A Common Stock,34683269120,367,NYQ,NYSE,N,N,EQUITY
TKO,"TKO Group Holdings, Inc.","TKO Group Holdings, Inc. Class A Common Stock",34649608192,368,NYQ,NYSE,N,N,EQUITY
UI,Ubiquiti Inc.,Ubiquiti Inc. Common Stock,34444328960,369,NYQ,NYSE,N,N,EQUITY
ALC,Alcon Inc.,Alcon Inc. Ordinary Shares,34416988160,370,NYQ,NYSE,N,N,EQUITY
QSR,Restaurant Brands International Inc.,Restaurant Brands International Inc. Common Shares,33992534016,371,NYQ,NYSE,N,N,EQUITY
ACGL,Arch Capital Group Ltd.,Arch Capital Group Ltd. - Common Stock,33789687808,372,NMS,NASDAQ,N,N,EQUITY
NTRS,Northern Trust Corporation,Northern Trust Corporation - Common Stock,33733363712,373,NMS,NASDAQ,N,N,EQUITY
RPRX,Royalty Pharma plc,Royalty Pharma plc - Class A Ordinary Shares,33254309888,374,NMS,NASDAQ,N,N,EQUITY
MLM,"Martin Marietta Materials, Inc.","Martin Marietta Materials, Inc. Common Stock",33238634496,375,NYQ,NYSE,N,N,EQUITY
EXR,Extra Space Storage Inc.,Extra Space Storage Inc Common Stock,33114208256,376,NYQ,NYSE,N,N,EQUITY
CNC,Centene Corporation,Centene Corporation Common Stock,33092724736,377,NYQ,NYSE,N,N,EQUITY
SUNB,"Sunbelt Rentals Holdings, Inc.","Sunbelt Rentals Holdings, Inc. Common Stock",32754810880,378,NYQ,NYSE,N,N,EQUITY
RMD,ResMed Inc.,ResMed Inc. Common Stock,32496982016,379,NYQ,NYSE,N,N,EQUITY
TECK,Teck Resources Limited,Teck Resources Ltd Ordinary Shares,32404131840,380,NYQ,NYSE,N,N,EQUITY
CCI,Crown Castle Inc.,Crown Castle Inc. Common Stock,32268079104,381,NYQ,NYSE,N,N,EQUITY
TPR,"Tapestry, Inc.","Tapestry, Inc. Common Stock",32157437952,382,NYQ,NYSE,N,N,EQUITY
NTR,Nutrien Ltd.,Nutrien Ltd. Common Shares,32123174912,383,NYQ,NYSE,N,N,EQUITY
EQT,EQT Corporation,EQT Corporation Common Stock,32045185024,384,NYQ,NYSE,N,N,EQUITY
GEHC,GE HealthCare Technologies Inc.,GE HealthCare Technologies Inc. - Common Stock,31726440448,385,NMS,NASDAQ,N,N,EQUITY
TDY,Teledyne Technologies Incorporated,Teledyne Technologies Incorporated Common Stock,31676618752,386,NYQ,NYSE,N,N,EQUITY
CASY,"Casey's General Stores, Inc.","Caseys General Stores, Inc. - Common Stock",31560009728,387,NMS,NASDAQ,N,N,EQUITY
EL,The Estée Lauder Companies Inc.,"Estee Lauder Companies, Inc. (The) Common Stock",31461685248,388,NYQ,NYSE,N,N,EQUITY
WTW,Willis Towers Watson Public Limited Company,Willis Towers Watson Public Limited Company - Ordinary Shares,31397216256,389,NMS,NASDAQ,N,N,EQUITY
BAP,Credicorp Ltd.,Credicorp Ltd. Common Stock,31372552192,390,NYQ,NYSE,N,N,EQUITY
DXCM,"DexCom, Inc.","DexCom, Inc. - Common Stock",31192641536,391,NMS,NASDAQ,N,N,EQUITY
ZTS,Zoetis Inc.,Zoetis Inc. Class A Common Stock,31186380800,392,NYQ,NYSE,N,N,EQUITY
CFG,"Citizens Financial Group, Inc.","Citizens Financial Group, Inc. Common Stock",31109074944,393,NYQ,NYSE,N,N,EQUITY
VG,"Venture Global, Inc.","Venture Global, Inc. Class A common stock",30880573440,394,NYQ,NYSE,N,N,EQUITY
ALNY,"Alnylam Pharmaceuticals, Inc.","Alnylam Pharmaceuticals, Inc. - Common Stock",30604822528,395,NMS,NASDAQ,N,N,EQUITY
BIIB,Biogen Inc.,Biogen Inc. - Common Stock,30530410496,396,NMS,NASDAQ,N,N,EQUITY
KHC,The Kraft Heinz Company,The Kraft Heinz Company - Common Stock,30510059520,397,NMS,NASDAQ,N,N,EQUITY
KGC,Kinross Gold Corporation,Kinross Gold Corporation Common Stock,30486388736,398,NYQ,NYSE,N,N,EQUITY
MDB,"MongoDB, Inc.","MongoDB, Inc. - Class A Common Stock",30271358976,399,NGM,NASDAQ,N,N,EQUITY
ILMN,"Illumina, Inc.","Illumina, Inc. - Common Stock",30180368384,400,NMS,NASDAQ,N,N,EQUITY
AEE,Ameren Corporation,Ameren Corporation Common Stock,30162073600,401,NYQ,NYSE,N,N,EQUITY
RDDT,"Reddit, Inc.","Reddit, Inc. Class A Common Stock",29871480832,402,NYQ,NYSE,N,N,EQUITY
LVS,Las Vegas Sands Corp.,Las Vegas Sands Corp. Common Stock,29697097728,403,NYQ,NYSE,N,N,EQUITY
ZM,"Zoom Communications, Inc.","Zoom Communications, Inc. - Class A Common Stock",29510891520,404,NMS,NASDAQ,N,N,EQUITY
TWLO,Twilio Inc.,Twilio Inc. Class A Common Stock,29325744128,405,NYQ,NYSE,N,N,EQUITY
AMRZ,Amrize Ltd,Amrize Ltd Ordinary Shares,29271017472,406,NYQ,NYSE,N,N,EQUITY
WSM,"Williams-Sonoma, Inc.","Williams-Sonoma, Inc. Common Stock (DE)",29229418496,407,NYQ,NYSE,N,N,EQUITY
VICI,VICI Properties Inc.,VICI Properties Inc. Common Stock,29068445696,408,NYQ,NYSE,N,N,EQUITY
DTE,DTE Energy Company,DTE Energy Company Common Stock,29061580800,409,NYQ,NYSE,N,N,EQUITY
FTS,Fortis Inc.,Fortis Inc. Common Shares,28763670528,410,NYQ,NYSE,N,N,EQUITY
TEAM,Atlassian Corporation,Atlassian Corporation  - Class A Common Stock,28756973568,411,NMS,NASDAQ,N,N,EQUITY
ATO,Atmos Energy Corporation,Atmos Energy Corporation Common Stock,28743593984,412,NYQ,NYSE,N,N,EQUITY
CPNG,"Coupang, Inc.","Coupang, Inc. Class A Common Stock",28721027072,413,NYQ,NYSE,N,N,EQUITY
XYL,Xylem Inc.,Xylem Inc. Common Stock New,28543762432,414,NYQ,NYSE,N,N,EQUITY
MTD,Mettler-Toledo International Inc.,"Mettler-Toledo International, Inc. Common Stock",28482371584,415,NYQ,NYSE,N,N,EQUITY
Q,"Qnity Electronics, Inc.","Qnity Electronics, Inc. Common Stock",28394768384,416,NYQ,NYSE,N,N,EQUITY
LPLA,LPL Financial Holdings Inc.,LPL Financial Holdings Inc. - Common Stock,28340924416,417,NMS,NASDAQ,N,N,EQUITY
CRS,Carpenter Technology Corporation,Carpenter Technology Corporation Common Stock,28340176896,418,NYQ,NYSE,N,N,EQUITY
DOV,Dover Corporation,Dover Corporation Common Stock,28336717824,419,NYQ,NYSE,N,N,EQUITY
SYM,Symbotic Inc.,Symbotic Inc. - Class A Common Stock,28081043456,420,NGM,NASDAQ,N,N,EQUITY
DG,Dollar General Corporation,Dollar General Corporation Common Stock,28001267712,421,NYQ,NYSE,N,N,EQUITY
ATI,ATI Inc.,ATI Inc. Common Stock,27991449600,422,NYQ,NYSE,N,N,EQUITY
P,"Everpure, Inc.","Everpure, Inc. Class A common stock",27835588608,423,NYQ,NYSE,N,N,EQUITY
OTIS,Otis Worldwide Corporation,Otis Worldwide Corporation Common Stock,27826927616,424,NYQ,NYSE,N,N,EQUITY
BSP,Bending Spoons S.p.A.,Bending Spoons S.p.A. - Ordinary Shares,27790845952,425,NMS,NASDAQ,N,N,EQUITY
FE,FirstEnergy Corp.,FirstEnergy Corp. Common Stock,27653203968,426,NYQ,NYSE,N,N,EQUITY
CW,Curtiss-Wright Corporation,Curtiss-Wright Corporation Common Stock,27647135744,427,NYQ,NYSE,N,N,EQUITY
PBA,Pembina Pipeline Corporation,Pembina Pipeline Corp. Ordinary Shares (Canada),27420319744,428,NYQ,NYSE,N,N,EQUITY
CINF,Cincinnati Financial Corporation,Cincinnati Financial Corporation - Common Stock,27286861824,429,NMS,NASDAQ,N,N,EQUITY
ES,Eversource Energy,Eversource Energy (D/B/A) Common Stock,27254519808,430,NYQ,NYSE,N,N,EQUITY
RF,Regions Financial Corporation,Regions Financial Corporation Common Stock,27205738496,431,NYQ,NYSE,N,N,EQUITY
FTI,TechnipFMC plc,TechnipFMC plc Ordinary Share,27165224960,432,NYQ,NYSE,N,N,EQUITY
GFS,GLOBALFOUNDRIES Inc.,GlobalFoundries Inc. - Ordinary Share,27138744320,433,NMS,NASDAQ,N,N,EQUITY
HUBB,Hubbell Incorporated,Hubbell Inc Common Stock,27133753344,434,NYQ,NYSE,N,N,EQUITY
AVB,"AvalonBay Communities, Inc.","AvalonBay Communities, Inc. Common Stock",27075921920,435,NYQ,NYSE,N,N,EQUITY
CNP,"CenterPoint Energy, Inc.","CenterPoint Energy, Inc (Holding Co) Common Stock",26776979456,436,NYQ,NYSE,N,N,EQUITY
CPRT,"Copart, Inc.","Copart, Inc. - Common Stock",26765209600,437,NMS,NASDAQ,N,N,EQUITY
WRB,W. R. Berkley Corporation,W.R. Berkley Corporation Common Stock,26758080512,438,NYQ,NYSE,N,N,EQUITY
AWK,"American Water Works Company, Inc.","American Water Works Company, Inc. Common Stock",26661482496,439,NYQ,NYSE,N,N,EQUITY
HAL,Halliburton Company,Halliburton Company Common Stock,26582355968,440,NYQ,NYSE,N,N,EQUITY
ASTS,"AST SpaceMobile, Inc.","AST SpaceMobile, Inc. - Class A Common Stock",26539958272,441,NMS,NASDAQ,N,N,EQUITY
VRSN,"VeriSign, Inc.","VeriSign, Inc. - Common Stock",26524264448,442,NMS,NASDAQ,N,N,EQUITY
PPG,"PPG Industries, Inc.","PPG Industries, Inc. Common Stock",26482597888,443,NYQ,NYSE,N,N,EQUITY
TPL,Texas Pacific Land Corporation,Texas Pacific Land Corporation Common Stock,26339956736,444,NYQ,NYSE,N,N,EQUITY
PPL,PPL Corporation,PPL Corporation Common Stock,26294644736,445,NYQ,NYSE,N,N,EQUITY
EIX,Edison International,Edison International Common Stock,26290491392,446,NYQ,NYSE,N,N,EQUITY
AFRM,"Affirm Holdings, Inc.","Affirm Holdings, Inc. - Class A Common Stock",26279489536,447,NMS,NASDAQ,N,N,EQUITY
NVT,nVent Electric plc,nVent Electric plc Ordinary Shares,26227458048,448,NYQ,NYSE,N,N,EQUITY
EQR,Equity Residential,Equity Residential Common Shares of Beneficial Interest,26173110272,449,NYQ,NYSE,N,N,EQUITY
ZS,"Zscaler, Inc.","Zscaler, Inc. - Common Stock",26140342272,450,NMS,NASDAQ,N,N,EQUITY
HPQ,HP Inc.,HP Inc. Common Stock,26082187264,451,NYQ,NYSE,N,N,EQUITY
DGX,Quest Diagnostics Incorporated,Quest Diagnostics Incorporated Common Stock,26030452736,452,NYQ,NYSE,N,N,EQUITY
RBLX,Roblox Corporation,Roblox Corporation Class A Common Stock,25853263872,453,NYQ,NYSE,N,N,EQUITY
UTHR,United Therapeutics Corporation,United Therapeutics Corporation - Common Stock,25847799808,454,NMS,NASDAQ,N,N,EQUITY
CPAY,"Corpay, Inc.","Corpay, Inc. Common Stock",25787238400,455,NYQ,NYSE,N,N,EQUITY
SYF,Synchrony Financial,Synchrony Financial Common Stock,25785638912,456,NYQ,NYSE,N,N,EQUITY
SN,"SharkNinja, Inc.","SharkNinja, Inc. Ordinary Shares",25772277760,457,NYQ,NYSE,N,N,EQUITY
JBHT,"J.B. Hunt Transport Services, Inc.","J.B. Hunt Transport Services, Inc. - Common Stock",25606846464,458,NMS,NASDAQ,N,N,EQUITY
OKTA,"Okta, Inc.","Okta, Inc. - Class A Common Stock",25556633600,459,NMS,NASDAQ,N,N,EQUITY
NRG,"NRG Energy, Inc.","NRG Energy, Inc. Common Stock",25472397312,460,NYQ,NYSE,N,N,EQUITY
FSLR,"First Solar, Inc.","First Solar, Inc. - Common Stock",25448847360,461,NMS,NASDAQ,N,N,EQUITY
SW,Smurfit Westrock Plc,Smurfit WestRock plc Ordinary Shares,25423626240,462,NYQ,NYSE,N,N,EQUITY
LH,Labcorp Holdings Inc.,Labcorp Holdings Inc. Common Stock,25399363584,463,NYQ,NYSE,N,N,EQUITY
FCNCA,"First Citizens BancShares, Inc.","First Citizens BancShares, Inc. - Class A Common Stock",25366208512,464,NMS,NASDAQ,N,N,EQUITY
PHM,"PulteGroup, Inc.","PulteGroup, Inc. Common Stock",25336588288,465,NYQ,NYSE,N,N,EQUITY
CTSH,Cognizant Technology Solutions Corporation,Cognizant Technology Solutions Corporation - Class A Common Stock,25125777408,466,NMS,NASDAQ,N,N,EQUITY
ROIV,Roivant Sciences Ltd.,Roivant Sciences Ltd. - Common Shares,24995256320,467,NMS,NASDAQ,N,N,EQUITY
ARXS,"Arxis, Inc.","Arxis, Inc. - Class A Common Stock",24881471488,468,NMS,NASDAQ,N,N,EQUITY
KEY,KeyCorp,KeyCorp Common Stock,24753289216,469,NYQ,NYSE,N,N,EQUITY
DLTR,"Dollar Tree, Inc.","Dollar Tree, Inc. - Common Stock",24744398848,470,NMS,NASDAQ,N,N,EQUITY
WST,"West Pharmaceutical Services, Inc.","West Pharmaceutical Services, Inc. Common Stock",24703297536,471,NYQ,NYSE,N,N,EQUITY
FOXA,Fox Corporation,Fox Corporation - Class A Common Stock,24639770624,472,NMS,NASDAQ,N,N,EQUITY
PFG,"Principal Financial Group, Inc.",Principal Financial Group Inc - Common Stock,24589918208,473,NMS,NASDAQ,N,N,EQUITY
CHD,"Church & Dwight Co., Inc.","Church & Dwight Company, Inc. Common Stock",24583813120,474,NYQ,NYSE,N,N,EQUITY
VRSK,"Verisk Analytics, Inc.","Verisk Analytics, Inc. - Common Stock",24566947840,475,NMS,NASDAQ,N,N,EQUITY
TROW,"T. Rowe Price Group, Inc.","T. Rowe Price Group, Inc. - Common Stock",24527056896,476,NMS,NASDAQ,N,N,EQUITY
AER,AerCap Holdings N.V.,AerCap Holdings N.V. Ordinary Shares,24383965184,477,NYQ,NYSE,N,N,EQUITY
INCY,Incyte Corporation,Incyte Corporation - Common Stock,24283191296,478,NMS,NASDAQ,N,N,EQUITY
FWONK,Formula One Group,Liberty Media Corporation - Series C Liberty Formula One Common Stock,24070678528,479,NMS,NASDAQ,N,N,EQUITY
GPN,Global Payments Inc.,Global Payments Inc. Common Stock,23929587712,480,NYQ,NYSE,N,N,EQUITY
DRI,"Darden Restaurants, Inc.","Darden Restaurants, Inc. Common Stock",23920635904,481,NYQ,NYSE,N,N,EQUITY
LUV,Southwest Airlines Co.,Southwest Airlines Company Common Stock,23868467200,482,NYQ,NYSE,N,N,EQUITY
TSEM,Tower Semiconductor Ltd.,Tower Semiconductor Ltd. - Ordinary Shares,23865415680,483,NMS,NASDAQ,N,N,EQUITY
BRO,"Brown & Brown, Inc.","Brown & Brown, Inc. Common Stock",23740604416,484,NYQ,NYSE,N,N,EQUITY
EXPD,"Expeditors International of Washington, Inc.","Expeditors International of Washington, Inc. Common Stock",23726821376,485,NYQ,NYSE,N,N,EQUITY
VLTO,Veralto Corporation,Veralto Corp Common Stock,23686963200,486,NYQ,NYSE,N,N,EQUITY
FICO,Fair Isaac Corporation,Fair Isaac Corporation Common Stock,23574900736,487,NYQ,NYSE,N,N,EQUITY
SOFI,"SoFi Technologies, Inc.","SoFi Technologies, Inc.  - Common Stock",23548203008,488,NMS,NASDAQ,N,N,EQUITY
XPO,"XPO, Inc.","XPO, Inc. Common Stock",23438366720,489,NYQ,NYSE,N,N,EQUITY
FFIV,"F5, Inc.","F5, Inc. - Common Stock",23373670400,490,NMS,NASDAQ,N,N,EQUITY
MKL,Markel Group Inc.,Markel Group Inc. Common Stock,23268712448,491,NYQ,NYSE,N,N,EQUITY
BURL,"Burlington Stores, Inc.","Burlington Stores, Inc. Common Stock",23247075328,492,NYQ,NYSE,N,N,EQUITY
ULTA,"Ulta Beauty, Inc.","Ulta Beauty, Inc. - Common Stock",23191443456,493,NMS,NASDAQ,N,N,EQUITY
FTAI,FTAI Aviation Ltd.,FTAI Aviation Ltd. - Common Stock,22978656256,494,NMS,NASDAQ,N,N,EQUITY
PKG,Packaging Corporation of America,Packaging Corporation of America Common Stock,22810144768,495,NYQ,NYSE,N,N,EQUITY
STE,STERIS plc,STERIS plc (Ireland) Ordinary Shares,22679377920,496,NYQ,NYSE,N,N,EQUITY
RL,Ralph Lauren Corporation,Ralph Lauren Corporation Common Stock,22662633472,497,NYQ,NYSE,N,N,EQUITY
IOT,Samsara Inc.,Samsara Inc. Class A Common Stock,22568361984,498,NYQ,NYSE,N,N,EQUITY
RIVN,"Rivian Automotive, Inc.","Rivian Automotive, Inc. - Class A Common Stock",22528710656,499,NMS,NASDAQ,N,N,EQUITY
IFF,International Flavors & Fragrances Inc.,"International Flavors & Fragrances, Inc. Common Stock",22484576256,500,NYQ,NYSE,N,N,EQUITY
MRNA,"Moderna, Inc.","Moderna, Inc. - Common Stock",22459017216,501,NMS,NASDAQ,N,N,EQUITY
CMS,CMS Energy Corporation,CMS Energy Corporation Common Stock,22448988160,502,NYQ,NYSE,N,N,EQUITY
OMC,Omnicom Group Inc.,Omnicom Group Inc. Common Stock,22416807936,503,NYQ,NYSE,N,N,EQUITY
IP,International Paper Company,International Paper Company Common Stock,22372091904,504,NYQ,NYSE,N,N,EQUITY
STZ,"Constellation Brands, Inc.","Constellation Brands, Inc. Common Stock",22313879552,505,NYQ,NYSE,N,N,EQUITY
TW,Tradeweb Markets Inc.,Tradeweb Markets Inc. - Class A Common Stock,22308421632,506,NMS,NASDAQ,N,N,EQUITY
ENTG,"Entegris, Inc.","Entegris, Inc. - Common Stock",22167265280,507,NMS,NASDAQ,N,N,EQUITY
FIS,"Fidelity National Information Services, Inc.","Fidelity National Information Services, Inc. Common Stock",22143102976,508,NYQ,NYSE,N,N,EQUITY
FWONA,Formula One Group,Liberty Media Corporation - Series A Liberty Formula One Common Stock,22130989056,509,NMS,NASDAQ,N,N,EQUITY
USFD,US Foods Holding Corp.,US Foods Holding Corp. Common Stock,22130073600,510,NYQ,NYSE,N,N,EQUITY
AMCR,Amcor plc,Amcor plc Ordinary Shares,22077007872,511,NYQ,NYSE,N,N,EQUITY
WWD,"Woodward, Inc.","Woodward, Inc. - Common Stock",22040623104,512,NMS,NASDAQ,N,N,EQUITY
FOX,Fox Corporation,Fox Corporation - Class B Common Stock,21918814208,513,NMS,NASDAQ,N,N,EQUITY
GH,"Guardant Health, Inc.","Guardant Health, Inc. - Common Stock",21898129408,514,NMS,NASDAQ,N,N,EQUITY
ROKU,"Roku, Inc.","Roku, Inc. - Class A Common Stock",21800364032,515,NMS,NASDAQ,N,N,EQUITY
SNA,Snap-on Incorporated,Snap-On Incorporated Common Stock,21665906688,516,NYQ,NYSE,N,N,EQUITY
RS,"Reliance, Inc.","Reliance, Inc. Common Stock",21498052608,517,NYQ,NYSE,N,N,EQUITY
INSM,Insmed Incorporated,Insmed Incorporated - Common Stock,21462827008,518,NMS,NASDAQ,N,N,EQUITY
DOW,Dow Inc.,Dow Inc. Common Stock,21431848960,519,NYQ,NYSE,N,N,EQUITY
MTZ,"MasTec, Inc.","MasTec, Inc. Common Stock",21421344768,520,NYQ,NYSE,N,N,EQUITY
AS,"Amer Sports, Inc.","Amer Sports, Inc. Ordinary Shares",21370322944,521,NYQ,NYSE,N,N,EQUITY
FDXF,"FedEx Freight Holding Company, Inc.","FedEx Freight Holding Company, Inc. Common Stock",21298046976,522,NYQ,NYSE,N,N,EQUITY
STLA,Stellantis N.V.,Stellantis N.V. Common Shares,21210034176,523,NYQ,NYSE,N,N,EQUITY
LEN,Lennar Corporation,Lennar Corporation Class A Common Stock,21169864704,524,NYQ,NYSE,N,N,EQUITY
MKSI,MKS Inc.,MKS Inc. - Common Stock,21148067840,525,NMS,NASDAQ,N,N,EQUITY
THC,Tenet Healthcare Corporation,Tenet Healthcare Corporation Common Stock,21075042304,526,NYQ,NYSE,N,N,EQUITY
SNX,TD SYNNEX Corporation,TD SYNNEX Corporation Common Stock,21034749952,527,NYQ,NYSE,N,N,EQUITY
EXE,Expand Energy Corporation,Expand Energy Corporation - Common Stock,21025173504,528,NMS,NASDAQ,N,N,EQUITY
EFX,Equifax Inc.,"Equifax, Inc. Common Stock",20838295552,529,NYQ,NYSE,N,N,EQUITY
CHTR,"Charter Communications, Inc.","Charter Communications, Inc. - Class A Common Stock",20643866624,530,NMS,NASDAQ,N,N,EQUITY
NI,NiSource Inc.,NiSource Inc Common Stock,20572737536,531,NYQ,NYSE,N,N,EQUITY
BCE,BCE Inc.,"BCE, Inc. Common Stock",20571518976,532,NYQ,NYSE,N,N,EQUITY
VTRS,Viatris Inc.,Viatris Inc. - Common Stock,20554354688,533,NMS,NASDAQ,N,N,EQUITY
BG,Bunge Global SA,Bunge Limited Common Shares,20483741696,534,NYQ,NYSE,N,N,EQUITY
PAAS,Pan American Silver Corp.,Pan American Silver Corp. Common Stock,20325924864,535,NYQ,NYSE,N,N,EQUITY
TOST,"Toast, Inc.","Toast, Inc. Class A Common Stock",20184000512,536,NYQ,NYSE,N,N,EQUITY
MTSI,"MACOM Technology Solutions Holdings, Inc.","MACOM Technology Solutions Holdings, Inc. - Common Stock",20100884480,537,NMS,NASDAQ,N,N,EQUITY
SQM,Sociedad Química y Minera de Chile S.A.,Sociedad Quimica y Minera S.A. Common Stock,20008931328,538,NYQ,NYSE,N,N,EQUITY
DD,"DuPont de Nemours, Inc.","DuPont de Nemours, Inc. Common Stock",19897808896,539,NYQ,NYSE,N,N,EQUITY
ESS,"Essex Property Trust, Inc.","Essex Property Trust, Inc. Common Stock",19853500416,540,NYQ,NYSE,N,N,EQUITY
WIT,Wipro Limited,Wipro Limited Common Stock,19784701952,541,NYQ,NYSE,N,N,EQUITY
SMCI,"Super Micro Computer, Inc.","Super Micro Computer, Inc. - Common Stock",19613190144,542,NMS,NASDAQ,N,N,EQUITY
INIO,Innio N.V.,INNIO N.V. - Ordinary Shares,19582500864,543,NMS,NASDAQ,N,N,EQUITY
MGA,Magna International Inc.,"Magna International, Inc. Common Stock",19197224960,544,NYQ,NYSE,N,N,EQUITY
GIS,"General Mills, Inc.","General Mills, Inc. Common Stock",19176142848,545,NYQ,NYSE,N,N,EQUITY
EVRG,"Evergy, Inc.","Evergy, Inc. - Common Stock",19146412032,546,NMS,NASDAQ,N,N,EQUITY
LYB,LyondellBasell Industries N.V.,LyondellBasell Industries NV Ordinary Shares Class A (Netherlands),19068930048,547,NYQ,NYSE,N,N,EQUITY
ZBH,"Zimmer Biomet Holdings, Inc.","Zimmer Biomet Holdings, Inc. Common Stock",18990278656,548,NYQ,NYSE,N,N,EQUITY
SBAC,SBA Communications Corporation,SBA Communications Corporation - Class A Common Stock,18921641984,549,NMS,NASDAQ,N,N,EQUITY
BR,"Broadridge Financial Solutions, Inc.","Broadridge Financial Solutions, Inc. Common Stock",18899722240,550,NYQ,NYSE,N,N,EQUITY
FN,Fabrinet,Fabrinet Ordinary Shares,18711005184,551,NYQ,NYSE,N,N,EQUITY
WY,Weyerhaeuser Company,Weyerhaeuser Company Common Stock,18623817728,552,NYQ,NYSE,N,N,EQUITY
SSNC,"SS&C Technologies Holdings, Inc.","SS&C Technologies Holdings, Inc. - Common Stock",18577635328,553,NMS,NASDAQ,N,N,EQUITY
FTV,Fortive Corporation,Fortive Corporation Common Stock,18525726720,554,NYQ,NYSE,N,N,EQUITY
TPG,TPG Inc.,TPG Inc. - Class A Common Stock,18412404736,555,NMS,NASDAQ,N,N,EQUITY
ITT,ITT Inc.,ITT Inc. Common Stock,18334511104,556,NYQ,NYSE,N,N,EQUITY
RCI,Rogers Communications Inc.,"Rogers Communication, Inc. Common Stock",18329843712,557,NYQ,NYSE,N,N,EQUITY
ON,ON Semiconductor Corporation,ON Semiconductor Corporation - Common Stock,18277595136,558,NMS,NASDAQ,N,N,EQUITY
EWBC,"East West Bancorp, Inc.","East West Bancorp, Inc. - Common Stock",18254751744,559,NMS,NASDAQ,N,N,EQUITY
RGLD,"Royal Gold, Inc.","Royal Gold, Inc. - Common Stock",18253957120,560,NMS,NASDAQ,N,N,EQUITY
LNT,Alliant Energy Corporation,Alliant Energy Corporation - Common Stock,18201786368,561,NMS,NASDAQ,N,N,EQUITY
LSCC,Lattice Semiconductor Corporation,Lattice Semiconductor Corporation - Common Stock,18187841536,562,NMS,NASDAQ,N,N,EQUITY
WCC,"WESCO International, Inc.","WESCO International, Inc. Common Stock",18181253120,563,NYQ,NYSE,N,N,EQUITY
INVH,Invitation Homes Inc.,Invitation Homes Inc. Common Stock,18118281216,564,NYQ,NYSE,N,N,EQUITY
RBC,RBC Bearings Incorporated,RBC Bearings Incorporated Common Stock,18114469888,565,NYQ,NYSE,N,N,EQUITY
GPC,Genuine Parts Company,Genuine Parts Company Common Stock,18103744512,566,NYQ,NYSE,N,N,EQUITY
ROL,"Rollins, Inc.","Rollins, Inc. Common Stock",18076633088,567,NYQ,NYSE,N,N,EQUITY
APG,APi Group Corporation,APi Group Corporation Common Stock,18055655424,568,NYQ,NYSE,N,N,EQUITY
OWL,Blue Owl Capital Inc.,Blue Owl Capital Inc. Class A Common Stock,18007031808,569,NYQ,NYSE,N,N,EQUITY
CDE,"Coeur Mining, Inc.","Coeur Mining, Inc. Common Stock",17962217472,570,NYQ,NYSE,N,N,EQUITY
CHRW,"C.H. Robinson Worldwide, Inc.","C.H. Robinson Worldwide, Inc. - Common Stock",17948354560,571,NMS,NASDAQ,N,N,EQUITY
CG,The Carlyle Group Inc.,The Carlyle Group Inc. - Common Stock,17941125120,572,NMS,NASDAQ,N,N,EQUITY
NWS,News Corporation,News Corporation - Class B Common Stock,17931366400,573,NMS,NASDAQ,N,N,EQUITY
CF,"CF Industries Holdings, Inc.","CF Industries Holdings, Inc. Common Stock",17930074112,574,NYQ,NYSE,N,N,EQUITY
DKS,"DICK'S Sporting Goods, Inc.",Dick's Sporting Goods Inc Common Stock,17929148416,575,NYQ,NYSE,N,N,EQUITY
CDW,CDW Corporation,CDW Corporation - Common Stock,17898258432,576,NMS,NASDAQ,N,N,EQUITY
RBA,"RB Global, Inc.","RB Global, Inc. Common Stock",17815869440,577,NYQ,NYSE,N,N,EQUITY
BBY,"Best Buy Co., Inc.","Best Buy Co., Inc. Common Stock",17809821696,578,NYQ,NYSE,N,N,EQUITY
AKAM,"Akamai Technologies, Inc.","Akamai Technologies, Inc. - Common Stock",17776279552,579,NMS,NASDAQ,N,N,EQUITY
BEN,"Franklin Resources, Inc.","Franklin Resources, Inc. Common Stock",17742045184,580,NYQ,NYSE,N,N,EQUITY
PFGC,Performance Food Group Company,Performance Food Group Company Common Stock,17594064896,581,NYQ,NYSE,N,N,EQUITY
ZBRA,Zebra Technologies Corporation,Zebra Technologies Corporation - Class A Common Stock,17576245248,582,NMS,NASDAQ,N,N,EQUITY
TSCO,Tractor Supply Company,Tractor Supply Company - Common Stock,17521860608,583,NMS,NASDAQ,N,N,EQUITY
IEX,IDEX Corporation,IDEX Corporation Common Stock,17470140416,584,NYQ,NYSE,N,N,EQUITY
RBRK,"Rubrik, Inc.","Rubrik, Inc. Class A Common Stock",17456320512,585,NYQ,NYSE,N,N,EQUITY
HST,"Host Hotels & Resorts, Inc.","Host Hotels & Resorts, Inc. - Common Stock",17434345472,586,NMS,NASDAQ,N,N,EQUITY
NDSN,Nordson Corporation,Nordson Corporation - Common Stock,17309894656,587,NMS,NASDAQ,N,N,EQUITY
JLL,Jones Lang LaSalle Incorporated,Jones Lang LaSalle Incorporated Common Stock,17171914752,588,NYQ,NYSE,N,N,EQUITY
NLY,"Annaly Capital Management, Inc.",Annaly Capital Management Inc. Common Stock,17086706688,589,NYQ,NYSE,N,N,EQUITY
J,Jacobs Solutions Inc.,Jacobs Solutions Inc. Common Stock,17082760192,590,NYQ,NYSE,N,N,EQUITY
PR,Permian Resources Corporation,Permian Resources Corporation Class A Common Stock,17049800704,591,NYQ,NYSE,N,N,EQUITY
NVR,"NVR, Inc.","NVR, Inc. Common Stock",17048531968,592,NYQ,NYSE,N,N,EQUITY
CRCL,Circle Internet Group,"Circle Internet Group, Inc. Class A Common Stock",16914154496,593,NYQ,NYSE,N,N,EQUITY
BALL,Ball Corporation,Ball Corporation Common Stock,16903991296,594,NYQ,NYSE,N,N,EQUITY
H,Hyatt Hotels Corporation,Hyatt Hotels Corporation Class A Common Stock,16859894784,595,NYQ,NYSE,N,N,EQUITY
GEN,Gen Digital Inc.,Gen Digital Inc. - Common Stock,16730229760,596,NMS,NASDAQ,N,N,EQUITY
KIM,Kimco Realty Corporation,Kimco Realty Corporation (HC) Common Stock,16682531840,597,NYQ,NYSE,N,N,EQUITY
QXO,"QXO, Inc.","QXO, Inc. Common Stock",16501104640,598,NYQ,NYSE,N,N,EQUITY
NTNX,"Nutanix, Inc.","Nutanix, Inc. - Class A Common Stock",16478738432,599,NMS,NASDAQ,N,N,EQUITY
JHX,James Hardie Industries plc,James Hardie Industries plc. Ordinary Shares,16458350592,600,NYQ,NYSE,N,N,EQUITY
WPC,W. P. Carey Inc.,W. P. Carey Inc. REIT,16443126784,601,NYQ,NYSE,N,N,EQUITY
JAZZ,Jazz Pharmaceuticals plc,Jazz Pharmaceuticals plc - Ordinary Shares,16431207424,602,NMS,NASDAQ,N,N,EQUITY
NBIX,"Neurocrine Biosciences, Inc.","Neurocrine Biosciences, Inc. - Common Stock",16416343040,603,NMS,NASDAQ,N,N,EQUITY
MEDP,"Medpace Holdings, Inc.","Medpace Holdings, Inc. - Common Stock",16405075968,604,NMS,NASDAQ,N,N,EQUITY
STRL,"Sterling Infrastructure, Inc.","Sterling Infrastructure, Inc. - Common Stock",16396363776,605,NMS,NASDAQ,N,N,EQUITY
CLH,"Clean Harbors, Inc.","Clean Harbors, Inc. Common Stock",16323928064,606,NYQ,NYSE,N,N,EQUITY
SITM,SiTime Corporation,SiTime Corporation - Common Stock,16269442048,607,NGM,NASDAQ,N,N,EQUITY
YUMC,"Yum China Holdings, Inc.","Yum China Holdings, Inc. Common Stock",16269235200,608,NYQ,NYSE,N,N,EQUITY
PNFP,"Pinnacle Financial Partners, Inc.","Pinnacle Financial Partners, Inc. Common stock",16209849344,609,NYQ,NYSE,N,N,EQUITY
FLUT,Flutter Entertainment plc,Flutter Entertainment plc Ordinary Shares,16118132736,610,NYQ,NYSE,N,N,EQUITY
BBIO,"BridgeBio Pharma, Inc.","BridgeBio Pharma, Inc. - Common Stock",16058662912,611,NMS,NASDAQ,N,N,EQUITY
MAA,"Mid-America Apartment Communities, Inc.","Mid-America Apartment Communities, Inc. Common Stock",16056592384,612,NYQ,NYSE,N,N,EQUITY
LAMR,Lamar Advertising Company,Lamar Advertising Company - Class A Common Stock,16051331072,613,NMS,NASDAQ,N,N,EQUITY
ASND,Ascendis Pharma A/S,Ascendis Pharma A/S - Ordinary Share,16017769472,614,NMS,NASDAQ,N,N,EQUITY
LDOS,"Leidos Holdings, Inc.","Leidos Holdings, Inc. Common Stock",15955886080,615,NYQ,NYSE,N,N,EQUITY
ULS,UL Solutions Inc.,UL Solutions Inc. Class A Common Stock,15933564928,616,NYQ,NYSE,N,N,EQUITY
MAIR,Madison Air Solutions Corporation,Madison Air Solutions Corporation Class A Common Stock,15909623808,617,NYQ,NYSE,N,N,EQUITY
KEP,Korea Electric Power Corporation,Korea Electric Power Corporation Common Stock,15869351936,618,NYQ,NYSE,N,N,EQUITY
EMA,Emera Incorporated,Emera Incorporated Common Shares,15778322432,619,NYQ,NYSE,N,N,EQUITY
TLN,Talen Energy Corporation,Talen Energy Corporation - Common Stock,15764704256,620,NMS,NASDAQ,N,N,EQUITY
NWSA,News Corporation,News Corporation - Class A Common Stock,15728508928,621,NMS,NASDAQ,N,N,EQUITY
IESC,"IES Holdings, Inc.","IES Holdings, Inc. - Common Stock",15621293056,622,NGM,NASDAQ,N,N,EQUITY
SWK,"Stanley Black & Decker, Inc.","Stanley Black & Decker, Inc. Common Stock",15595488256,623,NYQ,NYSE,N,N,EQUITY
RGA,"Reinsurance Group of America, Incorporated","Reinsurance Group of America, Incorporated Common Stock",15486002176,624,NYQ,NYSE,N,N,EQUITY
U,Unity Software Inc.,Unity Software Inc. Common Stock,15483896832,625,NYQ,NYSE,N,N,EQUITY
SUI,"Sun Communities, Inc.","Sun Communities, Inc. Common Stock",15453257728,626,NYQ,NYSE,N,N,EQUITY
LII,Lennox International Inc.,"Lennox International, Inc. Common Stock",15444128768,627,NYQ,NYSE,N,N,EQUITY
TU,TELUS Corporation,Telus Corporation Ordinary Shares,15435000832,628,NYQ,NYSE,N,N,EQUITY
BWXT,"BWX Technologies, Inc.","BWX Technologies, Inc. Common Stock",15416912896,629,NYQ,NYSE,N,N,EQUITY
TIGO,Millicom International Cellular S.A.,Millicom International Cellular S.A. - Common Stock,15378628608,630,NMS,NASDAQ,N,N,EQUITY
OHI,"Omega Healthcare Investors, Inc.","Omega Healthcare Investors, Inc. Common Stock",15356595200,631,NYQ,NYSE,N,N,EQUITY
NXT,Nextpower Inc.,Nextpower Inc. - Class A Common Stock,15334643712,632,NMS,NASDAQ,N,N,EQUITY
TRU,TransUnion,TransUnion Common Stock,15322252288,633,NYQ,NYSE,N,N,EQUITY
MLI,"Mueller Industries, Inc.","Mueller Industries, Inc. Common Stock",15319023616,634,NYQ,NYSE,N,N,EQUITY
CSL,Carlisle Companies Incorporated,Carlisle Companies Incorporated Common Stock,15302649856,635,NYQ,NYSE,N,N,EQUITY
GRAB,Grab Holdings Limited,Grab Holdings Limited - Class A Ordinary Shares,15296600064,636,NMS,NASDAQ,N,N,EQUITY
MAS,Masco Corporation,Masco Corporation Common Stock,15246531584,637,NYQ,NYSE,N,N,EQUITY
LECO,"Lincoln Electric Holdings, Inc.","Lincoln Electric Holdings, Inc. - Common Shares",15227273216,638,NMS,NASDAQ,N,N,EQUITY
TXT,Textron Inc.,Textron Inc. Common Stock,15213962240,639,NYQ,NYSE,N,N,EQUITY
SOLV,Solventum Corporation,Solventum Corporation Common Stock,15147592704,640,NYQ,NYSE,N,N,EQUITY
PTC,PTC Inc.,PTC Inc. - Common Stock,15129027584,641,NMS,NASDAQ,N,N,EQUITY
GIB,CGI Inc.,CGI Inc. Common Stock,15035745280,642,NYQ,NYSE,N,N,EQUITY
DOC,"Healthpeak Properties, Inc.","Healthpeak Properties, Inc. Common Stock",15022455808,643,NYQ,NYSE,N,N,EQUITY
CRBG,"Corebridge Financial, Inc.",Corebridge Financial Inc. Common Stock,14973367296,644,NYQ,NYSE,N,N,EQUITY
ARMK,Aramark,Aramark Common Stock,14956798976,645,NYQ,NYSE,N,N,EQUITY
AIZ,"Assurant, Inc.","Assurant, Inc. Common Stock",14942081024,646,NYQ,NYSE,N,N,EQUITY
VNOM,"Viper Energy, Inc.","Viper Energy, Inc.  - Class A Common Stock",14915872768,647,NMS,NASDAQ,N,N,EQUITY
IONQ,"IonQ, Inc.","IonQ, Inc. Common Stock",14904669184,648,NYQ,NYSE,N,N,EQUITY
RPM,RPM International Inc.,RPM International Inc. Common Stock,14898491392,649,NYQ,NYSE,N,N,EQUITY
FIG,"Figma, Inc.","Figma, Inc. Class A Common Stock",14873800704,650,NYQ,NYSE,N,N,EQUITY
GFL,GFL Environmental Inc.,"GFL Environmental Inc. Subordinate voting shares, no par value",14865072128,651,NYQ,NYSE,N,N,EQUITY
DT,"Dynatrace, Inc.","Dynatrace, Inc. Common Stock",14824456192,652,NYQ,NYSE,N,N,EQUITY
REG,Regency Centers Corporation,Regency Centers Corporation - Common Stock,14782827520,653,NMS,NASDAQ,N,N,EQUITY
QNT,Quantinuum Inc.,Quantinuum Inc. - Class A Common Stock,14755941376,654,NGM,NASDAQ,N,N,EQUITY
DINO,HF Sinclair Corporation,HF Sinclair Corporation Common Stock,14752504832,655,NYQ,NYSE,N,N,EQUITY
SGI,Somnigroup International Inc.,Somnigroup International Inc. Common Stock,14637231104,656,NYQ,NYSE,N,N,EQUITY
COO,"The Cooper Companies, Inc.","The Cooper Companies, Inc.  - Common Stock",14596090880,657,NMS,NASDAQ,N,N,EQUITY
DOCN,"DigitalOcean Holdings, Inc.","DigitalOcean Holdings, Inc. Common Stock",14550381568,658,NYQ,NYSE,N,N,EQUITY
PS,Pershing Square Inc.,Pershing Square Inc. Common Stock,14496001024,659,NYQ,NYSE,N,N,EQUITY
TOL,"Toll Brothers, Inc.","Toll Brothers, Inc. Common Stock",14485200896,660,NYQ,NYSE,N,N,EQUITY
UHAL,U-Haul Holding Company,U-Haul Holding Company Common Stock,14482210816,661,NYQ,NYSE,N,N,EQUITY
ALLE,Allegion plc,Allegion plc Ordinary Shares,14335501312,662,NYQ,NYSE,N,N,EQUITY
EG,"Everest Group, Ltd.","Everest Group, Ltd. Common Stock",14312576000,663,NYQ,NYSE,N,N,EQUITY
GL,Globe Life Inc.,Globe Life Inc. Common Stock,14275765248,664,NYQ,NYSE,N,N,EQUITY
EXEL,"Exelixis, Inc.","Exelixis, Inc. - Common Stock",14251833344,665,NMS,NASDAQ,N,N,EQUITY
W,Wayfair Inc.,Wayfair Inc. Class A Common Stock,14198862848,666,NYQ,NYSE,N,N,EQUITY
AMH,American Homes 4 Rent,American Homes 4 Rent Common Shares of Beneficial Interest,14176141312,667,NYQ,NYSE,N,N,EQUITY
PAG,"Penske Automotive Group, Inc.","Penske Automotive Group, Inc. Common Stock",14167420928,668,NYQ,NYSE,N,N,EQUITY
UDR,"UDR, Inc.","UDR, Inc. Common Stock",14150870016,669,NYQ,NYSE,N,N,EQUITY
IVZ,Invesco Ltd.,Invesco Ltd Common Stock,14132414464,670,NYQ,NYSE,N,N,EQUITY
BAX,Baxter International Inc.,Baxter International Inc. Common Stock,14129500160,671,NYQ,NYSE,N,N,EQUITY
MKC,"McCormick & Company, Incorporated","McCormick & Company, Incorporated Common Stock",14125460480,672,NYQ,NYSE,N,N,EQUITY
MKC-V,"McCormick & Company, Incorporated","McCormick & Company, Incorporated Common Stock",14106641408,673,NYQ,NYSE,N,N,EQUITY
UNM,Unum Group,Unum Group Common Stock,14101364736,674,NYQ,NYSE,N,N,EQUITY
LULU,lululemon athletica inc.,lululemon athletica inc. - Common Stock,14025044992,675,NMS,NASDAQ,N,N,EQUITY
ALB,Albemarle Corporation,Albemarle Corporation Common Stock,14015352832,676,NYQ,NYSE,N,N,EQUITY
EQH,"Equitable Holdings, Inc.","Equitable Holdings, Inc. Common Stock",14002752512,677,NYQ,NYSE,N,N,EQUITY
IREN,IREN Limited,IREN Limited - Ordinary Shares,13898457088,678,NMS,NASDAQ,N,N,EQUITY
HRL,Hormel Foods Corporation,Hormel Foods Corporation Common Stock,13884445696,679,NYQ,NYSE,N,N,EQUITY
FNF,"Fidelity National Financial, Inc.","Fidelity National Financial, Inc. Common Stock",13753949184,680,NYQ,NYSE,N,N,EQUITY
ONTO,Onto Innovation Inc.,Onto Innovation Inc. Common Stock,13729224704,681,NYQ,NYSE,N,N,EQUITY
WSO,"Watsco, Inc.","Watsco, Inc. Common Stock",13720639488,682,NYQ,NYSE,N,N,EQUITY
TXRH,"Texas Roadhouse, Inc.","Texas Roadhouse, Inc. - Common Stock",13704625152,683,NMS,NASDAQ,N,N,EQUITY
BWA,BorgWarner Inc.,BorgWarner Inc. Common Stock,13697575936,684,NYQ,NYSE,N,N,EQUITY
TRMB,Trimble Inc.,Trimble Inc. - Common Stock,13655672832,685,NMS,NASDAQ,N,N,EQUITY
TTMI,"TTM Technologies, Inc.","TTM Technologies, Inc. - Common Stock",13630319616,686,NMS,NASDAQ,N,N,EQUITY
ALLY,Ally Financial Inc.,Ally Financial Inc. Common Stock,13609893888,687,NYQ,NYSE,N,N,EQUITY
DTM,"DT Midstream, Inc.","DT Midstream, Inc. Common Stock",13578236928,688,NYQ,NYSE,N,N,EQUITY
WMG,Warner Music Group Corp.,Warner Music Group Corp. - Class A Common Stock,13562003456,689,NMS,NASDAQ,N,N,EQUITY
DECK,Deckers Outdoor Corporation,Deckers Outdoor Corporation Common Stock,13524219904,690,NYQ,NYSE,N,N,EQUITY
RNR,RenaissanceRe Holdings Ltd.,RenaissanceRe Holdings Ltd. Common Stock,13445360640,691,NYQ,NYSE,N,N,EQUITY
AVY,Avery Dennison Corporation,Avery Dennison Corporation Common Stock,13430181888,692,NYQ,NYSE,N,N,EQUITY
SKM,"SK Telecom Co., Ltd.","SK Telecom Co., Ltd. Common Stock",13390018560,693,NYQ,NYSE,N,N,EQUITY
AMKR,"Amkor Technology, Inc.","Amkor Technology, Inc. - Common Stock",13381650432,694,NMS,NASDAQ,N,N,EQUITY
GGG,Graco Inc.,Graco Inc. Common Stock,13361190912,695,NYQ,NYSE,N,N,EQUITY
GWRE,"Guidewire Software, Inc.","Guidewire Software, Inc. Common Stock",13348493312,696,NYQ,NYSE,N,N,EQUITY
AIT,"Applied Industrial Technologies, Inc.","Applied Industrial Technologies, Inc. Common Stock",13236689920,697,NYQ,NYSE,N,N,EQUITY
AEIS,"Advanced Energy Industries, Inc.","Advanced Energy Industries, Inc. - Common Stock",13172708352,698,NMS,NASDAQ,N,N,EQUITY
BF-A,Brown-Forman Corporation,Brown Forman Inc Class A Common Stock,13164815360,699,NYQ,NYSE,N,N,EQUITY
AUR,"Aurora Innovation, Inc.","Aurora Innovation, Inc.  - Class A Common Stock",13120448512,700,NMS,NASDAQ,N,N,EQUITY
ERIE,Erie Indemnity Company,Erie Indemnity Company - Class A Common Stock,13113776128,701,NMS,NASDAQ,N,N,EQUITY
ELAN,Elanco Animal Health Incorporated,Elanco Animal Health Incorporated Common Stock,13095567360,702,NYQ,NYSE,N,N,EQUITY
AGI,Alamos Gold Inc.,Alamos Gold Inc. Class A Common Shares,13089762304,703,NYQ,NYSE,N,N,EQUITY
PINS,"Pinterest, Inc.","Pinterest, Inc. Class A Common Stock",13085275136,704,NYQ,NYSE,N,N,EQUITY
ELS,"Equity LifeStyle Properties, Inc.","Equity Lifestyle Properties, Inc. Common Stock",13033208832,705,NYQ,NYSE,N,N,EQUITY
BF-B,Brown-Forman Corporation,Brown Forman Inc Class B Common Stock,13022567424,706,NYQ,NYSE,N,N,EQUITY
EMBJ,Embraer S.A.,Embraer S.A. Common Stock,12951800832,707,NYQ,NYSE,N,N,EQUITY
MOG-A,Moog Inc.,Moog Inc. Class A Common Stock,12939889664,708,NYQ,NYSE,N,N,EQUITY
CR,Crane Company,Crane Company Common Stock,12893526016,709,NYQ,NYSE,N,N,EQUITY
HAS,"Hasbro, Inc.","Hasbro, Inc. - Common Stock",12857614336,710,NMS,NASDAQ,N,N,EQUITY
WSO-B,"Watsco, Inc.","Watsco, Inc. Class B Common Stock",12857538560,711,NYQ,NYSE,N,N,EQUITY
RVTY,"Revvity, Inc.","Revvity, Inc. Common Stock",12831604736,712,NYQ,NYSE,N,N,EQUITY
GNRC,Generac Holdings Inc.,Generac Holdlings Inc. Common Stock,12828416000,713,NYQ,NYSE,N,N,EQUITY
WBS,Webster Financial Corporation,Webster Financial Corporation Common Stock,12820085760,714,NYQ,NYSE,N,N,EQUITY
HUBS,"HubSpot, Inc.","HubSpot, Inc. Common Stock",12808427520,715,NYQ,NYSE,N,N,EQUITY
CLX,The Clorox Company,Clorox Company (The) Common Stock,12798315520,716,NYQ,NYSE,N,N,EQUITY
CHKP,Check Point Software Technologies Ltd.,Check Point Software Technologies Ltd. - Ordinary Shares,12798314496,717,NMS,NASDAQ,N,N,EQUITY
NVMI,Nova Ltd.,Nova Ltd. - Ordinary Shares,12798162944,718,NMS,NASDAQ,N,N,EQUITY
SF,Stifel Financial Corp.,Stifel Financial Corporation Common Stock,12780467200,719,NYQ,NYSE,N,N,EQUITY
GLPI,"Gaming and Leisure Properties, Inc.","Gaming and Leisure Properties, Inc. - Common Stock",12768283648,720,NMS,NASDAQ,N,N,EQUITY
SJM,The J. M. Smucker Company,The J.M. Smucker Company Common Stock,12741246976,721,NYQ,NYSE,N,N,EQUITY
PEN,"Penumbra, Inc.","Penumbra, Inc. Common Stock",12731055104,722,NYQ,NYSE,N,N,EQUITY
ONON,On Holding AG,On Holding AG Class A Ordinary Shares,12729862144,723,NYQ,NYSE,N,N,EQUITY
UHAL-B,U-Haul Holding Company,U-Haul Holding Company Series N Non-Voting Common Stock,12689529856,724,NYQ,NYSE,N,N,EQUITY
SNN,Smith & Nephew plc,"Smith & Nephew SNATS, Inc. Common Stock",12652447744,725,NYQ,NYSE,N,N,EQUITY
AGNC,AGNC Investment Corp.,AGNC Investment Corp. - Common Stock,12649086976,726,NMS,NASDAQ,N,N,EQUITY
ICLR,ICON Public Limited Company,ICON plc - Ordinary Shares,12615484416,727,NMS,NASDAQ,N,N,EQUITY
AA,Alcoa Corporation,Alcoa Corporation Common Stock,12585840640,728,NYQ,NYSE,N,N,EQUITY
SEIC,SEI Investments Company,SEI Investments Company - Common Stock,12573209600,729,NMS,NASDAQ,N,N,EQUITY
CRL,"Charles River Laboratories International, Inc.","Charles River Laboratories International, Inc. Common Stock",12558289920,730,NYQ,NYSE,N,N,EQUITY
TYL,"Tyler Technologies, Inc.","Tyler Technologies, Inc. Common Stock",12555147264,731,NYQ,NYSE,N,N,EQUITY
ALGN,"Align Technology, Inc.","Align Technology, Inc. - Common Stock",12520997888,732,NMS,NASDAQ,N,N,EQUITY
HII,"Huntington Ingalls Industries, Inc.","Huntington Ingalls Industries, Inc. Common Stock",12518842368,733,NYQ,NYSE,N,N,EQUITY
BXP,"BXP, Inc.","BXP, Inc. Common Stock",12483582976,734,NYQ,NYSE,N,N,EQUITY
BTSG,"BrightSpring Health Services, Inc.","BrightSpring Health Services, Inc. - Common Stock",12469404672,735,NMS,NASDAQ,N,N,EQUITY
MOG-B,Moog Inc.,Moog Inc. Class B Common Stock,12444868608,736,NYQ,NYSE,N,N,EQUITY
FHN,First Horizon Corporation,First Horizon Corporation Common Stock,12420748288,737,NYQ,NYSE,N,N,EQUITY
FIVE,"Five Below, Inc.","Five Below, Inc. - Common Stock",12395005952,738,NMS,NASDAQ,N,N,EQUITY
BNT,Brookfield Wealth Solutions Ltd.,Brookfield Wealth Solutions Ltd. Class A Exchangeable Limited Voting Shares,12379755520,739,NYQ,NYSE,N,N,EQUITY
BJ,"BJ's Wholesale Club Holdings, Inc.","BJ's Wholesale Club Holdings, Inc. Common Stock",12346731520,740,NYQ,NYSE,N,N,EQUITY
EVR,Evercore Inc.,Evercore Inc. Class A Common Stock,12331202560,741,NYQ,NYSE,N,N,EQUITY
PNW,Pinnacle West Capital Corporation,Pinnacle West Capital Corporation Common Stock,12300497920,742,NYQ,NYSE,N,N,EQUITY
COKE,"Coca-Cola Consolidated, Inc.","Coca-Cola Consolidated, Inc. - Common Stock",12297088000,743,NMS,NASDAQ,N,N,EQUITY
OC,Owens Corning,Owens Corning Inc Common Stock New,12278153216,744,NYQ,NYSE,N,N,EQUITY
DY,"Dycom Industries, Inc.","Dycom Industries, Inc. Common Stock",12270552064,745,NYQ,NYSE,N,N,EQUITY
APA,APA Corporation,APA Corporation - Common Stock,12251278336,746,NMS,NASDAQ,N,N,EQUITY
ARWR,"Arrowhead Pharmaceuticals, Inc.","Arrowhead Pharmaceuticals, Inc. - Common Stock",12241884160,747,NMS,NASDAQ,N,N,EQUITY
CSGP,"CoStar Group, Inc.","CoStar Group, Inc. - Common Stock",12241018880,748,NMS,NASDAQ,N,N,EQUITY
RRX,Regal Rexnord Corporation,Regal Rexnord Corporation Common Stock,12198208512,749,NYQ,NYSE,N,N,EQUITY
AFG,"American Financial Group, Inc.","American Financial Group, Inc. Common Stock",12191219712,750,NYQ,NYSE,N,N,EQUITY
WTS,"Watts Water Technologies, Inc.","Watts Water Technologies, Inc. Class A Common Stock",12148940800,751,NYQ,NYSE,N,N,EQUITY
DPZ,"Domino's Pizza, Inc.",Domino's Pizza Inc - Common Stock,12128095232,752,NMS,NASDAQ,N,N,EQUITY
DVA,DaVita Inc.,DaVita Inc. Common Stock,12111068160,753,NYQ,NYSE,N,N,EQUITY
CORT,Corcept Therapeutics Incorporated,Corcept Therapeutics Incorporated - Common Stock,11965412352,754,NCM,NASDAQ,N,N,EQUITY
DRS,"Leonardo DRS, Inc.","Leonardo DRS, Inc. - Common Stock",11908699136,755,NMS,NASDAQ,N,N,EQUITY
RYAN,"Ryan Specialty Holdings, Inc.","Ryan Specialty Holdings, Inc. Class A Common Stock",11881605120,756,NYQ,NYSE,N,N,EQUITY
WSE,Wise Group plc,Wise Group plc - Class A Ordinary Shares,11879198720,757,NMS,NASDAQ,N,N,EQUITY
MDGL,"Madrigal Pharmaceuticals, Inc.","Madrigal Pharmaceuticals, Inc. - Common Stock",11878293504,758,NMS,NASDAQ,N,N,EQUITY
IT,"Gartner, Inc.","Gartner, Inc. Common Stock",11771600896,759,NYQ,NYSE,N,N,EQUITY
CGNX,Cognex Corporation,Cognex Corporation - Common Stock,11767519232,760,NMS,NASDAQ,N,N,EQUITY
FPS,"Forgent Power Solutions, Inc.","Forgent Power Solutions, Inc. Class A Common Stock",11717469184,761,NYQ,NYSE,N,N,EQUITY
LFUS,"Littelfuse, Inc.","Littelfuse, Inc. - Common Stock",11712886784,762,NMS,NASDAQ,N,N,EQUITY
SCI,Service Corporation International,Service Corporation International Common Stock,11631123456,763,NYQ,NYSE,N,N,EQUITY
GDDY,GoDaddy Inc.,GoDaddy Inc. Class A Common Stock,11622459392,764,NYQ,NYSE,N,N,EQUITY
ARW,"Arrow Electronics, Inc.","Arrow Electronics, Inc. Common Stock",11599735808,765,NYQ,NYSE,N,N,EQUITY
BMRN,BioMarin Pharmaceutical Inc.,BioMarin Pharmaceutical Inc. - Common Stock,11579670528,766,NMS,NASDAQ,N,N,EQUITY
MICC,The Magnum Ice Cream Company N.V.,The Magnum Ice Cream Company N.V. Ordinary Shares,11551979520,767,NYQ,NYSE,N,N,EQUITY
ENLT,Enlight Renewable Energy Ltd,Enlight Renewable Energy Ltd. - Ordinary Shares,11518742528,768,NMS,NASDAQ,N,N,EQUITY
HBM,Hudbay Minerals Inc.,Hudbay Minerals Inc. Ordinary Shares (Canada),11503349760,769,NYQ,NYSE,N,N,EQUITY
AHR,"American Healthcare REIT, Inc.","American Healthcare REIT, Inc. Common Stock",11473087488,770,NYQ,NYSE,N,N,EQUITY
BROS,Dutch Bros Inc.,Dutch Bros Inc. Class A Common Stock,11471459328,771,NYQ,NYSE,N,N,EQUITY
WMS,"Advanced Drainage Systems, Inc.","Advanced Drainage Systems, Inc. Common Stock",11465382912,772,NYQ,NYSE,N,N,EQUITY
TFII,TFI International Inc.,TFI International Inc. Common Shares,11461818368,773,NYQ,NYSE,N,N,EQUITY
CACI,CACI International Inc,"CACI International, Inc. Class A Common Stock",11443958784,774,NYQ,NYSE,N,N,EQUITY
JEF,Jefferies Financial Group Inc.,Jefferies Financial Group Inc. Common Stock,11428595712,775,NYQ,NYSE,N,N,EQUITY
PJT,PJT Partners Inc.,PJT Partners Inc. Class A Common Stock,11414036480,776,NYQ,NYSE,N,N,EQUITY
MGM,MGM Resorts International,MGM Resorts International Common Stock,11387937792,777,NYQ,NYSE,N,N,EQUITY
BPOP,"Popular, Inc.","Popular, Inc. - Common Stock",11337613312,778,NMS,NASDAQ,N,N,EQUITY
SMTC,Semtech Corporation,Semtech Corporation - Common Stock,11294578688,779,NMS,NASDAQ,N,N,EQUITY
DCI,"Donaldson Company, Inc.","Donaldson Company, Inc. Common Stock",11272349696,780,NYQ,NYSE,N,N,EQUITY
WTRG,"Essential Utilities, Inc.","Essential Utilities, Inc. Common Stock",11229030400,781,NYQ,NYSE,N,N,EQUITY
TECH,Bio-Techne Corporation,Bio-Techne Corp - Common Stock,11218367488,782,NMS,NASDAQ,N,N,EQUITY
MANH,"Manhattan Associates, Inc.","Manhattan Associates, Inc. - Common Stock",11199218688,783,NMS,NASDAQ,N,N,EQUITY
VSAT,"Viasat, Inc.","ViaSat, Inc. - Common Stock",11162327040,784,NMS,NASDAQ,N,N,EQUITY
UMBF,UMB Financial Corporation,UMB Financial Corporation - Common Stock,11150224384,785,NMS,NASDAQ,N,N,EQUITY
BMNR,"Bitmine Immersion Technologies, Inc.","BitMine Immersion Technologies, Inc. Common Stock",11117462528,786,NYQ,NYSE,N,N,EQUITY
HL,Hecla Mining Company,Hecla Mining Company Common Stock,11093583872,787,NYQ,NYSE,N,N,EQUITY
CPT,Camden Property Trust,Camden Property Trust Common Stock,11089228800,788,NYQ,NYSE,N,N,EQUITY
PNR,Pentair plc,Pentair plc. Ordinary Share,11015591936,789,NYQ,NYSE,N,N,EQUITY
EHC,Encompass Health Corporation,Encompass Health Corporation Common Stock,11001178112,790,NYQ,NYSE,N,N,EQUITY
DOCU,"DocuSign, Inc.","DocuSign, Inc. - Common Stock",10977405952,791,NMS,NASDAQ,N,N,EQUITY
AAL,American Airlines Group Inc.,"American Airlines Group, Inc. - Common Stock",10975461376,792,NMS,NASDAQ,N,N,EQUITY
JKHY,"Jack Henry & Associates, Inc.","Jack Henry & Associates, Inc. - Common Stock",10966688768,793,NMS,NASDAQ,N,N,EQUITY
AXSM,"Axsome Therapeutics, Inc.","Axsome Therapeutics, Inc. - Common Stock",10953211904,794,NGM,NASDAQ,N,N,EQUITY
BSY,"Bentley Systems, Incorporated","Bentley Systems, Incorporated - Class B Common Stock",10948832256,795,NMS,NASDAQ,N,N,EQUITY
GMED,"Globus Medical, Inc.","Globus Medical, Inc. Class A Common Stock",10932872192,796,NYQ,NYSE,N,N,EQUITY
EGP,"EastGroup Properties, Inc.","EastGroup Properties, Inc. Common Stock",10900388864,797,NYQ,NYSE,N,N,EQUITY
WTFC,Wintrust Financial Corporation,Wintrust Financial Corporation - Common Stock,10890002432,798,NMS,NASDAQ,N,N,EQUITY
DKNG,DraftKings Inc.,DraftKings Inc. - Class A Common Stock,10795763712,799,NMS,NASDAQ,N,N,EQUITY
SMMT,Summit Therapeutics Inc.,Summit Therapeutics Inc.  - Common Stock,10793551872,800,NGM,NASDAQ,N,N,EQUITY
LGN,Legence Corp.,Legence Corp. - Class A Common stock,10766416896,801,NMS,NASDAQ,N,N,EQUITY
SPXC,"SPX Technologies, Inc.","SPX Technologies, Inc. Common Stock",10764953600,802,NYQ,NYSE,N,N,EQUITY
GIL,Gildan Activewear Inc.,"Gildan Activewear, Inc. Class A Sub. Vot. Common Stock",10757793792,803,NYQ,NYSE,N,N,EQUITY
AYI,Acuity Inc.,Acuity Inc. Common Stock,10749255680,804,NYQ,NYSE,N,N,EQUITY
GSAT,"Globalstar, Inc.","Globalstar, Inc. - Common Stock",10747436032,805,NMS,NASDAQ,N,N,EQUITY
MUSA,Murphy USA Inc.,Murphy USA Inc. Common Stock,10730358784,806,NYQ,NYSE,N,N,EQUITY
CYTK,"Cytokinetics, Incorporated","Cytokinetics, Incorporated - Common Stock",10705511424,807,NMS,NASDAQ,N,N,EQUITY
SANM,Sanmina Corporation,Sanmina Corporation - Common Stock,10674984960,808,NMS,NASDAQ,N,N,EQUITY
CART,Maplebear Inc.,Maplebear Inc. - Common Stock,10658600960,809,NMS,NASDAQ,N,N,EQUITY
NYT,The New York Times Company,New York Times Company (The) Common Stock,10598770688,810,NYQ,NYSE,N,N,EQUITY
FRT,Federal Realty Investment Trust,Federal Realty Investment Trust Common Stock,10589268992,811,NYQ,NYSE,N,N,EQUITY
SSB,SouthState Bank Corporation,SouthState Bank Corporation Common Stock,10588649472,812,NYQ,NYSE,N,N,EQUITY
AR,Antero Resources Corporation,Antero Resources Corporation Common Stock,10554381312,813,NYQ,NYSE,N,N,EQUITY
RMBS,Rambus Inc.,"Rambus, Inc. - Common Stock",10553314304,814,NMS,NASDAQ,N,N,EQUITY
ORI,Old Republic International Corporation,Old Republic International Corporation Common Stock,10507161600,815,NYQ,NYSE,N,N,EQUITY
WYNN,"Wynn Resorts, Limited","Wynn Resorts, Limited - Common Stock",10498027520,816,NMS,NASDAQ,N,N,EQUITY
AES,The AES Corporation,The AES Corporation Common Stock,10483418112,817,NYQ,NYSE,N,N,EQUITY
ZION,"Zions Bancorporation, National Association",Zions Bancorporation N.A. - Common Stock,10463825920,818,NMS,NASDAQ,N,N,EQUITY
HUT,Hut 8 Corp.,Hut 8 Corp. - Common Stock,10444229632,819,NMS,NASDAQ,N,N,EQUITY
ENSG,"The Ensign Group, Inc.","The Ensign Group, Inc. - Common Stock",10412155904,820,NMS,NASDAQ,N,N,EQUITY
UHS,"Universal Health Services, Inc.","Universal Health Services, Inc. Common Stock",10391670784,821,NYQ,NYSE,N,N,EQUITY
KTOS,"Kratos Defense & Security Solutions, Inc.","Kratos Defense & Security Solutions, Inc. - Common Stock",10377356288,822,NMS,NASDAQ,N,N,EQUITY
SIRI,Sirius XM Holdings Inc.,SiriusXM Holdings Inc. - Common Stock,10347953152,823,NMS,NASDAQ,N,N,EQUITY
MOD,Modine Manufacturing Company,Modine Manufacturing Company Common Stock,10336264192,824,NYQ,NYSE,N,N,EQUITY
ONB,Old National Bancorp,Old National Bancorp - Common Stock,10329389056,825,NMS,NASDAQ,N,N,EQUITY
CFR,"Cullen/Frost Bankers, Inc.","Cullen/Frost Bankers, Inc. Common Stock",10324777984,826,NYQ,NYSE,N,N,EQUITY
AAOI,"Applied Optoelectronics, Inc.","Applied Optoelectronics, Inc. - Common Stock",10316010496,827,NGM,NASDAQ,N,N,EQUITY
LINE,"Lineage, Inc.","Lineage, Inc. - Common Stock",10310751232,828,NMS,NASDAQ,N,N,EQUITY
SARO,"StandardAero, Inc.","StandardAero, Inc. Common Stock",10309955584,829,NYQ,NYSE,N,N,EQUITY
FROG,JFrog Ltd.,JFrog Ltd. - Ordinary shares,10237038592,830,NMS,NASDAQ,N,N,EQUITY
HSIC,"Henry Schein, Inc.","Henry Schein, Inc. - Common Stock",10205802496,831,NMS,NASDAQ,N,N,EQUITY
MOH,"Molina Healthcare, Inc.",Molina Healthcare Inc Common Stock,10186307584,832,NYQ,NYSE,N,N,EQUITY
R,"Ryder System, Inc.","Ryder System, Inc. Common Stock",10182627328,833,NYQ,NYSE,N,N,EQUITY
APGE,"Apogee Therapeutics, Inc.","Apogee Therapeutics, Inc. - Common Stock",10151388160,834,NGM,NASDAQ,N,N,EQUITY
LTH,"Life Time Group Holdings, Inc.","Life Time Group Holdings, Inc. Common Stock",10125061120,835,NYQ,NYSE,N,N,EQUITY
SAIL,"SailPoint, Inc.","SailPoint, Inc. - Common Stock",10118544384,836,NMS,NASDAQ,N,N,EQUITY
RDY,Dr. Reddy's Laboratories Limited,Dr. Reddy's Laboratories Ltd Common Stock,10112621568,837,NYQ,NYSE,N,N,EQUITY
VICR,Vicor Corporation,Vicor Corporation - Common Stock,10101062656,838,NMS,NASDAQ,N,N,EQUITY
GGB,Gerdau S.A.,Gerdau S.A. Common Stock,10090747904,839,NYQ,NYSE,N,N,EQUITY
WLK,Westlake Corporation,Westlake Corporation Common Stock,10088399872,840,NYQ,NYSE,N,N,EQUITY
GKOS,Glaukos Corporation,Glaukos Corporation Common Stock,10082123776,841,NYQ,NYSE,N,N,EQUITY
SWKS,"Skyworks Solutions, Inc.","Skyworks Solutions, Inc. - Common Stock",10080171008,842,NMS,NASDAQ,N,N,EQUITY
FLS,Flowserve Corporation,Flowserve Corporation Common Stock,10054578176,843,NYQ,NYSE,N,N,EQUITY
AM,Antero Midstream Corporation,Antero Midstream Corporation Common Stock,10044101632,844,NYQ,NYSE,N,N,EQUITY
PSO,Pearson plc,"Pearson, Plc Common Stock",10035657728,845,NYQ,NYSE,N,N,EQUITY
PRI,"Primerica, Inc.","Primerica, Inc. Common Stock",9997281280,846,NYQ,NYSE,N,N,EQUITY
APTV,Aptiv PLC,Aptiv PLC Ordinary Shares,9948280832,847,NYQ,NYSE,N,N,EQUITY
SOLS,"Solstice Advanced Materials, Inc.",Solstice Advanced Materials Inc. - Common Stock,9927960576,848,NMS,NASDAQ,N,N,EQUITY
SFD,"Smithfield Foods, Inc.","Smithfield Foods, Inc. - Common Stock",9927431168,849,NMS,NASDAQ,N,N,EQUITY
AMG,"Affiliated Managers Group, Inc.","Affiliated Managers Group, Inc. Common Stock",9920907264,850,NYQ,NYSE,N,N,EQUITY
HALO,"Halozyme Therapeutics, Inc.","Halozyme Therapeutics, Inc. - Common Stock",9914860544,851,NMS,NASDAQ,N,N,EQUITY
FDS,FactSet Research Systems Inc.,FactSet Research Systems Inc. Common Stock,9888287744,852,NYQ,NYSE,N,N,EQUITY
CHYM,"Chime Financial, Inc.","Chime Financial, Inc. - Class A Common Stock",9876016128,853,NMS,NASDAQ,N,N,EQUITY
CHWY,"Chewy, Inc.","Chewy, Inc. Class A Common Stock",9838464000,854,NYQ,NYSE,N,N,EQUITY
PSKY,Paramount Skydance Corporation,Paramount Skydance Corporation - Class B Common Stock,9803957248,855,NMS,NASDAQ,N,N,EQUITY
ALSN,"Allison Transmission Holdings, Inc.","Allison Transmission Holdings, Inc. Common Stock",9797227520,856,NYQ,NYSE,N,N,EQUITY
CTRE,"CareTrust REIT, Inc.","CareTrust REIT, Inc. Common Stock",9718923264,857,NYQ,NYSE,N,N,EQUITY
OGE,OGE Energy Corp.,OGE Energy Corp Common Stock,9713452032,858,NYQ,NYSE,N,N,EQUITY
EAT,"Brinker International, Inc.","Brinker International, Inc. Common Stock",9691354112,859,NYQ,NYSE,N,N,EQUITY
DDS,"Dillard's, Inc.","Dillard's, Inc. Common Stock",9628692480,860,NYQ,NYSE,N,N,EQUITY
ACM,AECOM,AECOM Common Stock,9626366976,861,NYQ,NYSE,N,N,EQUITY
VIAV,Viavi Solutions Inc.,Viavi Solutions Inc. - Common Stock,9596071936,862,NMS,NASDAQ,N,N,EQUITY
COMP,"Compass, Inc.","Compass, Inc. Class A Common Stock",9585973248,863,NYQ,NYSE,N,N,EQUITY
VMI,"Valmont Industries, Inc.","Valmont Industries, Inc. Common Stock",9582930944,864,NYQ,NYSE,N,N,EQUITY
CUBE,CubeSmart,CubeSmart Common Shares,9548170240,865,NYQ,NYSE,N,N,EQUITY
LLYVK,"Liberty Live Holdings, Inc.","Liberty Live Holdings, Inc. - Series C Liberty Live Group Common Stock",9541779456,866,NMS,NASDAQ,N,N,EQUITY
LEVI,Levi Strauss & Co.,Levi Strauss & Co Class A Common Stock,9525051392,867,NYQ,NYSE,N,N,EQUITY
FRHC,Freedom Holdings Corp.,Freedom Holding Corp. - Common Stock,9518206976,868,NCM,NASDAQ,N,N,EQUITY
SAIA,"Saia, Inc.","Saia, Inc. - Common Stock",9517782016,869,NMS,NASDAQ,N,N,EQUITY
ADC,Agree Realty Corporation,Agree Realty Corporation Common Stock,9489370112,870,NYQ,NYSE,N,N,EQUITY
BRX,Brixmor Property Group Inc.,Brixmor Property Group Inc. Common Stock,9488492544,871,NYQ,NYSE,N,N,EQUITY
OSK,Oshkosh Corporation,Oshkosh Corporation (Holding Company)Common Stock,9434450944,872,NYQ,NYSE,N,N,EQUITY
MSGS,Madison Square Garden Sports Corp.,Madison Square Garden Sports Corp. Class A Common Stock (New),9422185472,873,NYQ,NYSE,N,N,EQUITY
TTC,The Toro Company,Toro Company (The) Common Stock,9420105728,874,NYQ,NYSE,N,N,EQUITY
EGO,Eldorado Gold Corporation,Eldorado Gold Corporation Ordinary Shares,9389171712,875,NYQ,NYSE,N,N,EQUITY
JXN,Jackson Financial Inc.,Jackson Financial Inc. Class A Common Stock,9384632320,876,NYQ,NYSE,N,N,EQUITY
ESI,Element Solutions Inc,Element Solutions Inc. Common Stock,9343109120,877,NYQ,NYSE,N,N,EQUITY
NCLH,Norwegian Cruise Line Holdings Ltd.,Norwegian Cruise Line Holdings Ltd. Ordinary Shares,9321512960,878,NYQ,NYSE,N,N,EQUITY
BIO,"Bio-Rad Laboratories, Inc.","Bio-Rad Laboratories, Inc. Class A Common Stock",9309289472,879,NYQ,NYSE,N,N,EQUITY
PODD,Insulet Corporation,Insulet Corporation - Common Stock,9230210048,880,NMS,NASDAQ,N,N,EQUITY
SNEX,StoneX Group Inc.,StoneX Group Inc. - Common Stock,9195601920,881,NMS,NASDAQ,N,N,EQUITY
LLYVA,"Liberty Live Holdings, Inc.","Liberty Live Holdings, Inc. - Series A Liberty Live Group Common Stock",9194923008,882,NMS,NASDAQ,N,N,EQUITY
MHK,"Mohawk Industries, Inc.","Mohawk Industries, Inc. Common Stock",9191389184,883,NYQ,NYSE,N,N,EQUITY
PRMB,Primo Brands Corporation,Primo Brands Corporation Class A Common Stock,9187831808,884,NYQ,NYSE,N,N,EQUITY
DAR,Darling Ingredients Inc.,Darling Ingredients Inc. Common Stock,9186000896,885,NYQ,NYSE,N,N,EQUITY
IAG,IAMGOLD Corporation,Iamgold Corporation Ordinary Shares,9184419840,886,NYQ,NYSE,N,N,EQUITY
TKR,The Timken Company,Timken Company (The) Common Stock,9126020096,887,NYQ,NYSE,N,N,EQUITY
OSCR,"Oscar Health, Inc.","Oscar Health, Inc. Class A Common Stock",9077954560,888,NYQ,NYSE,N,N,EQUITY
VOYA,"Voya Financial, Inc.","Voya Financial, Inc. Common Stock",9076604928,889,NYQ,NYSE,N,N,EQUITY
SYRE,"Spyre Therapeutics, Inc.","Spyre Therapeutics, Inc. - Common Stock",9061884928,890,NMS,NASDAQ,N,N,EQUITY
WAL,Western Alliance Bancorporation,Western Alliance Bancorporation Common Stock (DE),9053190144,891,NYQ,NYSE,N,N,EQUITY
AVTR,"Avantor, Inc.","Avantor, Inc. Common Stock",9036153856,892,NYQ,NYSE,N,N,EQUITY
FCFS,"FirstCash Holdings, Inc.","FirstCash Holdings, Inc. - Common Stock",9020467200,893,NMS,NASDAQ,N,N,EQUITY
BIO-B,"Bio-Rad Laboratories, Inc.","Bio-Rad Laboratories, Inc. Class B  Common Stock",9018658816,894,NYQ,NYSE,N,N,EQUITY
ALV,"Autoliv, Inc.","Autoliv, Inc. Common Stock",9016966144,895,NYQ,NYSE,N,N,EQUITY
NNN,"NNN REIT, Inc.","NNN REIT, Inc. Common Stock",9010153472,896,NYQ,NYSE,N,N,EQUITY
IONS,"Ionis Pharmaceuticals, Inc.","Ionis Pharmaceuticals, Inc. - Common Stock",9005528064,897,NMS,NASDAQ,N,N,EQUITY
CNM,"Core & Main, Inc.","Core & Main, Inc. Class A Common Stock",9005417472,898,NYQ,NYSE,N,N,EQUITY
LNC,Lincoln National Corporation,Lincoln National Corporation Common Stock,8980794368,899,NYQ,NYSE,N,N,EQUITY
SNAP,Snap Inc.,Snap Inc. Class A Common Stock,8966557696,900,NYQ,NYSE,N,N,EQUITY
HLI,"Houlihan Lokey, Inc.","Houlihan Lokey, Inc. Class A Common Stock",8958749696,901,NYQ,NYSE,N,N,EQUITY
WULF,TeraWulf Inc.,TeraWulf Inc. - Common Stock,8954274816,902,NCM,NASDAQ,N,N,EQUITY
RGEN,Repligen Corporation,Repligen Corporation - Common Stock,8950124544,903,NMS,NASDAQ,N,N,EQUITY
PB,"Prosperity Bancshares, Inc.","Prosperity Bancshares, Inc. Common Stock",8943557632,904,NYQ,NYSE,N,N,EQUITY
FORM,"FormFactor, Inc.","FormFactor, Inc. - Common Stock",8921144320,905,NMS,NASDAQ,N,N,EQUITY
TTD,"The Trade Desk, Inc.","The Trade Desk, Inc. - Class A Common Stock",8913254400,906,NGM,NASDAQ,N,N,EQUITY
RRC,Range Resources Corporation,Range Resources Corporation Common Stock,8912536576,907,NYQ,NYSE,N,N,EQUITY
CRNX,"Crinetics Pharmaceuticals, Inc.","Crinetics Pharmaceuticals, Inc. - Common Stock",8911997952,908,NMS,NASDAQ,N,N,EQUITY
PRAX,"Praxis Precision Medicines, Inc.","Praxis Precision Medicines, Inc. - Common Stock",8899741696,909,NMS,NASDAQ,N,N,EQUITY
MTCH,"Match Group, Inc.","Match Group, Inc. - Common Stock",8899118080,910,NMS,NASDAQ,N,N,EQUITY
COLB,"Columbia Banking System, Inc.","Columbia Banking System, Inc. - Common Stock",8866313216,911,NMS,NASDAQ,N,N,EQUITY
PTGX,"Protagonist Therapeutics, Inc.","Protagonist Therapeutics, Inc. - Common Stock",8831238144,912,NGM,NASDAQ,N,N,EQUITY
FR,"First Industrial Realty Trust, Inc.","First Industrial Realty Trust, Inc. Common Stock",8792345600,913,NYQ,NYSE,N,N,EQUITY
BOKF,BOK Financial Corporation,BOK Financial Corporation - Common Stock,8781641728,914,NMS,NASDAQ,N,N,EQUITY
TTEK,"Tetra Tech, Inc.","Tetra Tech, Inc. - Common Stock",8779763712,915,NMS,NASDAQ,N,N,EQUITY
XP,XP Inc.,XP Inc. - Class A Common Stock,8773182464,916,NMS,NASDAQ,N,N,EQUITY
ZWS,Zurn Elkay Water Solutions Corporation,Zurn Elkay Water Solutions Corporation Common Stock,8750989312,917,NYQ,NYSE,N,N,EQUITY
ARE,"Alexandria Real Estate Equities, Inc.","Alexandria Real Estate Equities, Inc. Common Stock",8730900480,918,NYQ,NYSE,N,N,EQUITY
HQY,"HealthEquity, Inc.","HealthEquity, Inc. - Common Stock",8728901632,919,NMS,NASDAQ,N,N,EQUITY
ATR,"AptarGroup, Inc.","AptarGroup, Inc. Common Stock",8694719488,920,NYQ,NYSE,N,N,EQUITY
AG,First Majestic Silver Corp.,First Majestic Silver Corp. Ordinary Shares (Canada),8680081408,921,NYQ,NYSE,N,N,EQUITY
KYMR,"Kymera Therapeutics, Inc.","Kymera Therapeutics, Inc. - Common Stock",8676530176,922,NGM,NASDAQ,N,N,EQUITY
KT,KT Corporation,KT Corporation Common Stock,8658472960,923,NYQ,NYSE,N,N,EQUITY
QGEN,Qiagen N.V.,Qiagen N.V. Common Shares,8652187648,924,NYQ,NYSE,N,N,EQUITY
BAH,Booz Allen Hamilton Holding Corporation,Booz Allen Hamilton Holding Corporation Common Stock,8649693184,925,NYQ,NYSE,N,N,EQUITY
CAE,CAE Inc.,CAE Inc - Common Shares,8624766976,926,NMS,NASDAQ,N,N,EQUITY
APLD,Applied Digital Corporation,Applied Digital Corporation - Common Stock,8599084032,927,NMS,NASDAQ,N,N,EQUITY
AOS,A. O. Smith Corporation,A.O. Smith Corporation Common Stock,8586703872,928,NYQ,NYSE,N,N,EQUITY
CBSH,"Commerce Bancshares, Inc.","Commerce Bancshares, Inc. - Common Stock",8584723456,929,NMS,NASDAQ,N,N,EQUITY
IDCC,"InterDigital, Inc.","InterDigital, Inc. - Common Stock",8529917952,930,NMS,NASDAQ,N,N,EQUITY
GME,GameStop Corp.,GameStop Corporation Common Stock,8529620992,931,NYQ,NYSE,N,N,EQUITY
MP,MP Materials Corp.,MP Materials Corp. Common Stock,8529042944,932,NYQ,NYSE,N,N,EQUITY
AVAV,"AeroVironment, Inc.","AeroVironment, Inc. - Common Stock",8505185792,933,NMS,NASDAQ,N,N,EQUITY
ESE,ESCO Technologies Inc.,ESCO Technologies Inc. Common Stock,8487966720,934,NYQ,NYSE,N,N,EQUITY
REXR,"Rexford Industrial Realty, Inc.","Rexford Industrial Realty, Inc. Common Stock",8468655104,935,NYQ,NYSE,N,N,EQUITY
PCOR,"Procore Technologies, Inc.","Procore Technologies, Inc. Common Stock",8462392832,936,NYQ,NYSE,N,N,EQUITY
FRO,Frontline plc,Frontline Plc Ordinary Shares,8452991488,937,NYQ,NYSE,N,N,EQUITY
KNSL,"Kinsale Capital Group, Inc.","Kinsale Capital Group, Inc. Common Stock",8450112000,938,NYQ,NYSE,N,N,EQUITY
ZG,"Zillow Group, Inc.","Zillow Group, Inc. - Class A Common Stock",8440498688,939,NMS,NASDAQ,N,N,EQUITY
AGX,"Argan, Inc.","Argan, Inc. Common Stock",8437063168,940,NYQ,NYSE,N,N,EQUITY
TEM,"Tempus AI, Inc.","Tempus AI, Inc. - Class A Common Stock",8426302976,941,NMS,NASDAQ,N,N,EQUITY
QRVO,"Qorvo, Inc.","Qorvo, Inc. - Common Stock",8403110400,942,NMS,NASDAQ,N,N,EQUITY
EMN,Eastman Chemical Company,Eastman Chemical Company Common Stock,8385857536,943,NYQ,NYSE,N,N,EQUITY
CMC,Commercial Metals Company,Commercial Metals Company Common Stock,8370943488,944,NYQ,NYSE,N,N,EQUITY
STN,Stantec Inc.,Stantec Inc Common Stock,8342859776,945,NYQ,NYSE,N,N,EQUITY
ALKS,Alkermes plc,Alkermes plc - Ordinary Shares,8322735616,946,NMS,NASDAQ,N,N,EQUITY
IDA,"IDACORP, Inc.","IDACORP, Inc. Common Stock",8285294592,947,NYQ,NYSE,N,N,EQUITY
Z,"Zillow Group, Inc.","Zillow Group, Inc. - Class C Capital Stock",8259744768,948,NMS,NASDAQ,N,N,EQUITY
TTAN,"ServiceTitan, Inc.","ServiceTitan, Inc. - Class A Common Stock",8251890176,949,NMS,NASDAQ,N,N,EQUITY
ASR,"Grupo Aeroportuario del Sureste, S. A. B. de C. V.","Grupo Aeroportuario del Sureste, S.A. de C.V. Common Stock",8196652032,950,NYQ,NYSE,N,N,EQUITY
VNO,Vornado Realty Trust,Vornado Realty Trust Common Stock,8173249536,951,NYQ,NYSE,N,N,EQUITY
MAAS,Maase Inc.,Maase Inc. - Class A Ordinary Shares,8171404800,952,NGM,NASDAQ,N,N,EQUITY
VLY,Valley National Bancorp,Valley National Bancorp - Common Stock,8168830976,953,NMS,NASDAQ,N,N,EQUITY
DBX,"Dropbox, Inc.","Dropbox, Inc. - Class A Common Stock",8165522944,954,NMS,NASDAQ,N,N,EQUITY
BLDR,"Builders FirstSource, Inc.","Builders FirstSource, Inc. Common Stock",8162267136,955,NYQ,NYSE,N,N,EQUITY
PAYC,"Paycom Software, Inc.","Paycom Software, Inc. Common Stock",8150416384,956,NYQ,NYSE,N,N,EQUITY
ETSY,"Etsy, Inc.","Etsy, Inc. Common Stock",8147790336,957,NYQ,NYSE,N,N,EQUITY
AXTA,Axalta Coating Systems Ltd.,Axalta Coating Systems Ltd. Common Shares,8147741184,958,NYQ,NYSE,N,N,EQUITY
EQX,Equinox Gold Corp.,Equinox Gold Corp. Common Shares,8144108544,959,ASE,NYSE American,N,N,EQUITY
RIOT,"Riot Platforms, Inc.","Riot Platforms, Inc. - Common Stock",8130251264,960,NCM,NASDAQ,N,N,EQUITY
SSD,"Simpson Manufacturing Co., Inc.","Simpson Manufacturing Company, Inc. Common Stock",8118648320,961,NYQ,NYSE,N,N,EQUITY
NEU,NewMarket Corporation,NewMarket Corp Common Stock,8108286976,962,NYQ,NYSE,N,N,EQUITY
LAD,"Lithia Motors, Inc.","Lithia Motors, Inc. Common Stock",8102317056,963,NYQ,NYSE,N,N,EQUITY
KNTK,Kinetik Holdings Inc.,Kinetik Holdings Inc. Class A Common Stock,8082182656,964,NYQ,NYSE,N,N,EQUITY
PCVX,"Vaxcyte, Inc.","Vaxcyte, Inc. - Common Stock",8074718208,965,NMS,NASDAQ,N,N,EQUITY
IMVT,"Immunovant, Inc.","Immunovant, Inc.  - Common Stock",8064534016,966,NMS,NASDAQ,N,N,EQUITY
RHP,"Ryman Hospitality Properties, Inc.","Ryman Hospitality Properties, Inc. (REIT)",8054005248,967,NYQ,NYSE,N,N,EQUITY
BRKR,Bruker Corporation,Bruker Corporation - Common Stock,7987278848,968,NMS,NASDAQ,N,N,EQUITY
AVT,"Avnet, Inc.","Avnet, Inc. - Common Stock",7974381056,969,NMS,NASDAQ,N,N,EQUITY
PL,Planet Labs PBC,Planet Labs PBC Class A Common Stock,7965596672,970,NYQ,NYSE,N,N,EQUITY
FSS,Federal Signal Corporation,Federal Signal Corporation Common Stock,7946396672,971,NYQ,NYSE,N,N,EQUITY
SFM,"Sprouts Farmers Market, Inc.","Sprouts Farmers Market, Inc. - Common Stock",7937238016,972,NMS,NASDAQ,N,N,EQUITY
CBC,"Central Bancompany, Inc.","Central Bancompany, Inc. - Class A Common Stock",7929133056,973,NMS,NASDAQ,N,N,EQUITY
LQDA,Liquidia Corporation,Liquidia Corporation - Common Stock,7925272064,974,NCM,NASDAQ,N,N,EQUITY
PCTY,Paylocity Holding Corporation,Paylocity Holding Corporation - Common Stock,7914347008,975,NMS,NASDAQ,N,N,EQUITY
AWI,"Armstrong World Industries, Inc.",Armstrong World Industries Inc Common Stock,7864266240,976,NYQ,NYSE,N,N,EQUITY
TAP,Molson Coors Beverage Company,Molson Coors Beverage Company Class B Common Stock,7852775424,977,NYQ,NYSE,N,N,EQUITY
MAC,The Macerich Company,Macerich Company (The) Common Stock,7846280704,978,NYQ,NYSE,N,N,EQUITY
TAP-A,Molson Coors Beverage Company,Molson Coors Beverage Company Class A Common Stock,7830269440,979,NYQ,NYSE,N,N,EQUITY
ALGM,"Allegro MicroSystems, Inc.","Allegro MicroSystems, Inc. - Common Stock",7791605248,980,NMS,NASDAQ,N,N,EQUITY
CAVA,"CAVA Group, Inc.","CAVA Group, Inc. Common Stock",7707075072,981,NYQ,NYSE,N,N,EQUITY
KLAR,Klarna Group plc,Klarna Group plc Ordinary Shares,7702171648,982,NYQ,NYSE,N,N,EQUITY
IBRX,"ImmunityBio, Inc.","ImmunityBio, Inc. - Common Stock",7683812864,983,NMS,NASDAQ,N,N,EQUITY
JOBY,"Joby Aviation, Inc.","Joby Aviation, Inc. Common Stock",7672414720,984,NYQ,NYSE,N,N,EQUITY
FAF,First American Financial Corporation,First American Corporation (New) Common Stock,7656478720,985,NYQ,NYSE,N,N,EQUITY
CIFR,Cipher Digital Inc.,Cipher Digital Inc. - Common Stock,7653309952,986,NMS,NASDAQ,N,N,EQUITY
AAON,"AAON, Inc.","AAON, Inc. - Common Stock",7630075904,987,NMS,NASDAQ,N,N,EQUITY
UGI,UGI Corporation,UGI Corporation Common Stock,7619552768,988,NYQ,NYSE,N,N,EQUITY
AXS,AXIS Capital Holdings Limited,Axis Capital Holdings Limited Common Stock,7606738944,989,NYQ,NYSE,N,N,EQUITY
RYTM,"Rhythm Pharmaceuticals, Inc.","Rhythm Pharmaceuticals, Inc. - Common Stock",7593994752,990,NGM,NASDAQ,N,N,EQUITY
POWL,"Powell Industries, Inc.","Powell Industries, Inc. - Common Stock",7589805056,991,NMS,NASDAQ,N,N,EQUITY
TEX,Terex Corporation,Terex Corporation Common Stock,7549515264,992,NYQ,NYSE,N,N,EQUITY
YOU,"Clear Secure, Inc.","Clear Secure, Inc. Class A Common Stock",7546515968,993,NYQ,NYSE,N,N,EQUITY
OMF,"OneMain Holdings, Inc.","OneMain Holdings, Inc. Common Stock",7540968960,994,NYQ,NYSE,N,N,EQUITY
POOL,Pool Corporation,Pool Corporation - Common Stock,7509088768,995,NMS,NASDAQ,N,N,EQUITY
NFG,National Fuel Gas Company,National Fuel Gas Company Common Stock,7499058176,996,NYQ,NYSE,N,N,EQUITY
VFS,VinFast Auto Ltd.,VinFast Auto Ltd. - Ordinary Shares,7486515712,997,NMS,NASDAQ,N,N,EQUITY
CWEN,"Clearway Energy, Inc.","Clearway Energy, Inc. Class C Common Stock",7486217216,998,NYQ,NYSE,N,N,EQUITY
OKLO,Oklo Inc.,Oklo Inc. Class A common stock,7479873024,999,NYQ,NYSE,N,N,EQUITY
MORN,"Morningstar, Inc.","Morningstar, Inc. - Common Stock",7477392384,1000,NMS,NASDAQ,N,N,EQUITY
DPC,DPC Holdings PLC,DPC Holdings PLC Ordinary Shares,7456447488,1001,NYQ,NYSE,N,N,EQUITY
CELH,"Celsius Holdings, Inc.","Celsius Holdings, Inc. - Common Stock",7451916288,1002,NCM,NASDAQ,N,N,EQUITY
MOS,The Mosaic Company,Mosaic Company (The) Common Stock,7440790016,1003,NYQ,NYSE,N,N,EQUITY
MSA,MSA Safety Incorporated,MSA Safety Incorporated Common Stock,7438279680,1004,NYQ,NYSE,N,N,EQUITY
GLXY,Galaxy Digital,Galaxy Digital Inc. - Class A common stock,7433445376,1005,NMS,NASDAQ,N,N,EQUITY
GTES,Gates Industrial Corporation Ltd.,Gates Industrial Corporation Ltd. Common Shares,7417329152,1006,NYQ,NYSE,N,N,EQUITY
GAP,"The Gap, Inc.","Gap, Inc. (The) Common Stock",7404766720,1007,NYQ,NYSE,N,N,EQUITY
SOBO,South Bow Corporation,South Bow Corporation Common Shares,7398496768,1008,NYQ,NYSE,N,N,EQUITY
PLXS,Plexus Corp.,Plexus Corp. - Common Stock,7349988864,1009,NMS,NASDAQ,N,N,EQUITY
TRNO,Terreno Realty Corporation,Terreno Realty Corporation Common Stock,7342071808,1010,NYQ,NYSE,N,N,EQUITY
RAL,Ralliant Corporation,Ralliant Corporation Common Stock,7342070784,1011,NYQ,NYSE,N,N,EQUITY
STAG,"STAG Industrial, Inc.","Stag Industrial, Inc. Common Stock",7334833664,1012,NYQ,NYSE,N,N,EQUITY
LW,"Lamb Weston Holdings, Inc.","Lamb Weston Holdings, Inc. Common Stock",7327852032,1013,NYQ,NYSE,N,N,EQUITY
HIMS,"Hims & Hers Health, Inc.","Hims & Hers Health, Inc. Class A Common Stock",7325636096,1014,NYQ,NYSE,N,N,EQUITY
CHRD,Chord Energy Corporation,Chord Energy Corporation - Common Stock,7316078592,1015,NMS,NASDAQ,N,N,EQUITY
KRMN,Karman Holdings Inc.,Karman Holdings Inc. Common Stock,7304849408,1016,NYQ,NYSE,N,N,EQUITY
AGCO,AGCO Corporation,AGCO Corporation Common Stock,7271394304,1017,NYQ,NYSE,N,N,EQUITY
PBF,PBF Energy Inc.,PBF Energy Inc. Class A Common Stock,7250898944,1018,NYQ,NYSE,N,N,EQUITY
ESTC,Elastic N.V.,Elastic N.V. Ordinary Shares,7247507968,1019,NYQ,NYSE,N,N,EQUITY
PACS,"PACS Group, Inc.","PACS Group, Inc. Common Stock",7223551488,1020,NYQ,NYSE,N,N,EQUITY
COGT,"Cogent Biosciences, Inc.","Cogent Biosciences, Inc. - Common Stock",7222590464,1021,NMS,NASDAQ,N,N,EQUITY
CLF,Cleveland-Cliffs Inc.,Cleveland-Cliffs Inc. Common Stock,7217331200,1022,NYQ,NYSE,N,N,EQUITY
S,"SentinelOne, Inc.","SentinelOne, Inc. Class A Common Stock",7198877696,1023,NYQ,NYSE,N,N,EQUITY
SLAB,Silicon Laboratories Inc.,"Silicon Laboratories, Inc. - Common Stock",7197623296,1024,NMS,NASDAQ,N,N,EQUITY
ECG,"Everus Construction Group, Inc.","Everus Construction Group, Inc. Common Stock",7184106496,1025,NYQ,NYSE,N,N,EQUITY
CAG,"Conagra Brands, Inc.","ConAgra Brands, Inc. Common Stock",7183270400,1026,NYQ,NYSE,N,N,EQUITY
PATH,"UiPath, Inc.","UiPath, Inc. Class A Common Stock",7160421888,1027,NYQ,NYSE,N,N,EQUITY
HR,Healthcare Realty Trust Incorporated,Healthcare Realty Trust Incorporated Common Stock,7151833088,1028,NYQ,NYSE,N,N,EQUITY
VSXY,Victorias Secret & Co.,Victorias Secret & Co. Common Stock,7143126016,1029,NYQ,NYSE,N,N,EQUITY
ACA,"Arcosa, Inc.","Arcosa, Inc. Common Stock",7136201728,1030,NYQ,NYSE,N,N,EQUITY
AN,"AutoNation, Inc.","AutoNation, Inc. Common Stock",7133860864,1031,NYQ,NYSE,N,N,EQUITY
LOAR,Loar Holdings Inc.,Loar Holdings Inc. Common Stock,7083628032,1032,NYQ,NYSE,N,N,EQUITY
FLR,Fluor Corporation,Fluor Corporation Common Stock,7042155520,1033,NYQ,NYSE,N,N,EQUITY
NAVN,"Navan, Inc.","Navan, Inc. - Class A Common Stock",7032259584,1034,NMS,NASDAQ,N,N,EQUITY
MSM,"MSC Industrial Direct Co., Inc.","MSC Industrial Direct Company, Inc. Common Stock",7012619264,1035,NYQ,NYSE,N,N,EQUITY
KEX,Kirby Corporation,Kirby Corporation Common Stock,7010179584,1036,NYQ,NYSE,N,N,EQUITY
CORZ,"Core Scientific, Inc.","Core Scientific, Inc. - Common Stock",6995581952,1037,NMS,NASDAQ,N,N,EQUITY
GLBE,Global-E Online Ltd.,Global-E Online Ltd. - ordinary shares,6982404608,1038,NMS,NASDAQ,N,N,EQUITY
SM,SM Energy Company,SM Energy Company Common Stock,6957507584,1039,NYQ,NYSE,N,N,EQUITY
NPO,Enpro Inc.,Enpro Inc. Common Stock,6954217984,1040,NYQ,NYSE,N,N,EQUITY
NOV,NOV Inc.,NOV Inc. Common Stock,6951323136,1041,NYQ,NYSE,N,N,EQUITY
ST,Sensata Technologies Holding plc,Sensata Technologies Holding plc Ordinary Shares,6926051328,1042,NYQ,NYSE,N,N,EQUITY
ENS,EnerSys,EnerSys Common Stock,6921924608,1043,NYQ,NYSE,N,N,EQUITY
BLLN,"BillionToOne, Inc.","BillionToOne, Inc. - Class A common stock",6897943040,1044,NMS,NASDAQ,N,N,EQUITY
BIRK,Birkenstock Holding plc,Birkenstock Holding plc Ordinary Shares,6892798464,1045,NYQ,NYSE,N,N,EQUITY
CAMT,Camtek Ltd.,Camtek Ltd. - Ordinary Shares,6886502400,1046,NGM,NASDAQ,N,N,EQUITY
CPB,The Campbell's Company,The Campbell's Company - Common Stock,6873653760,1047,NMS,NASDAQ,N,N,EQUITY
FNB,F.N.B. Corporation,F.N.B. Corporation Common Stock,6838066688,1048,NYQ,NYSE,N,N,EQUITY
APPF,"AppFolio, Inc.","AppFolio, Inc. - Class A Common Stock",6835479552,1049,NGM,NASDAQ,N,N,EQUITY
MBGL,"Mobility Global, Inc.",Mobility Global Inc. Common Stock,6803200000,1050,NYQ,NYSE,N,N,EQUITY
HLNE,Hamilton Lane Incorporated,Hamilton Lane Incorporated - Class A Common Stock,6756494336,1051,NMS,NASDAQ,N,N,EQUITY
ICL,ICL Group Ltd,ICL Group Ltd. Ordinary Shares,6750456832,1052,NYQ,NYSE,N,N,EQUITY
ZETA,Zeta Global Holdings Corp.,Zeta Global Holdings Corp. Class A Common Stock,6747403776,1053,NYQ,NYSE,N,N,EQUITY
UBSI,"United Bankshares, Inc.","United Bankshares, Inc. - Common Stock",6721120768,1054,NMS,NASDAQ,N,N,EQUITY
M,"Macy's, Inc.",Macy's Inc Common Stock,6710098432,1055,NYQ,NYSE,N,N,EQUITY
EXP,Eagle Materials Inc.,Eagle Materials Inc Common Stock,6695502848,1056,NYQ,NYSE,N,N,EQUITY
ACT,"Enact Holdings, Inc.","Enact Holdings, Inc. - Common Stock",6677104128,1057,NMS,NASDAQ,N,N,EQUITY
FND,"Floor & Decor Holdings, Inc.","Floor & Decor Holdings, Inc. Common Stock",6675855872,1058,NYQ,NYSE,N,N,EQUITY
URBN,"Urban Outfitters, Inc.","Urban Outfitters, Inc. - Common Stock",6670116352,1059,NMS,NASDAQ,N,N,EQUITY
EPRT,"Essential Properties Realty Trust, Inc.","Essential Properties Realty Trust, Inc. Common Stock",6665008128,1060,NYQ,NYSE,N,N,EQUITY
SGHC,Super Group (SGHC) Limited,Super Group (SGHC) Limited Ordinary Shares,6660886528,1061,NYQ,NYSE,N,N,EQUITY
RYN,Rayonier Inc.,Rayonier Inc. REIT Common Stock,6659511296,1062,NYQ,NYSE,N,N,EQUITY
NXE,NexGen Energy Ltd.,Nexgen Energy Ltd. Common Shares,6645570560,1063,NYQ,NYSE,N,N,EQUITY
INGM,Ingram Micro Holding Corporation,Ingram Micro Holding Corporation Common Stock,6633836544,1064,NYQ,NYSE,N,N,EQUITY
LNTH,"Lantheus Holdings, Inc.","Lantheus Holdings, Inc. - Common Stock",6608267264,1065,NGM,NASDAQ,N,N,EQUITY
CROX,"Crocs, Inc.","Crocs, Inc. - Common Stock",6583818240,1066,NMS,NASDAQ,N,N,EQUITY
IFS,Intercorp Financial Services Inc.,Intercorp Financial Services Inc. Common Shares,6581053952,1067,NYQ,NYSE,N,N,EQUITY
DSGX,The Descartes Systems Group Inc.,The Descartes Systems Group Inc. - Common Stock,6565630976,1068,NMS,NASDAQ,N,N,EQUITY
SWX,"Southwest Gas Holdings, Inc.","Southwest Gas Holdings, Inc. Common Stock (DE)",6562229760,1069,NYQ,NYSE,N,N,EQUITY
ENVA,"Enova International, Inc.","Enova International, Inc. Common Stock",6548769280,1070,NYQ,NYSE,N,N,EQUITY
CRUS,"Cirrus Logic, Inc.","Cirrus Logic, Inc. - Common Stock",6529590784,1071,NMS,NASDAQ,N,N,EQUITY
INGR,Ingredion Incorporated,Ingredion Incorporated Common Stock,6513370112,1072,NYQ,NYSE,N,N,EQUITY
GBCI,"Glacier Bancorp, Inc.","Glacier Bancorp, Inc. Common Stock",6510103040,1073,NYQ,NYSE,N,N,EQUITY
IBP,"Installed Building Products, Inc.","Installed Building Products, Inc. Common Stock",6506450944,1074,NYQ,NYSE,N,N,EQUITY
FRVO,Fervo Energy Company,Fervo Energy Company - Class A common stock,6496921088,1075,NMS,NASDAQ,N,N,EQUITY
JAN,"Janus Living, Inc.","Janus Living, Inc. Class A-1 Common Stock",6470679040,1076,NYQ,NYSE,N,N,EQUITY
ERAS,"Erasca, Inc.","Erasca, Inc. - Common Stock",6463512576,1077,NMS,NASDAQ,N,N,EQUITY
TFPM,Triple Flag Precious Metals Corp.,Triple Flag Precious Metals Corp. Common Shares,6460504064,1078,NYQ,NYSE,N,N,EQUITY
QLYS,"Qualys, Inc.","Qualys, Inc. - Common Stock",6453516800,1079,NMS,NASDAQ,N,N,EQUITY
MIRM,"Mirum Pharmaceuticals, Inc.","Mirum Pharmaceuticals, Inc. - common stock",6451204096,1080,NGM,NASDAQ,N,N,EQUITY
MRCY,"Mercury Systems, Inc.",Mercury Systems Inc - Common Stock,6451050496,1081,NMS,NASDAQ,N,N,EQUITY
STEP,StepStone Group Inc.,StepStone Group Inc. - Class A Common Stock,6430961664,1082,NMS,NASDAQ,N,N,EQUITY
WEX,WEX Inc.,WEX Inc. common stock,6420975616,1083,NYQ,NYSE,N,N,EQUITY
SNDR,"Schneider National, Inc.","Schneider National, Inc. Common Stock",6403741696,1084,NYQ,NYSE,N,N,EQUITY
CGON,"CG Oncology, Inc.","CG Oncology, Inc. - Common stock",6387622912,1085,NMS,NASDAQ,N,N,EQUITY
NE,Noble Corporation plc,Noble Corporation plc A Ordinary Shares,6369724928,1086,NYQ,NYSE,N,N,EQUITY
RUSHA,"Rush Enterprises, Inc.","Rush Enterprises, Inc. - Class A Common Stock",6356986368,1087,NMS,NASDAQ,N,N,EQUITY
FSV,FirstService Corporation,FirstService Corporation - Common Shares,6354273792,1088,NMS,NASDAQ,N,N,EQUITY
JBTM,JBT Marel Corporation,JBT Marel Corporation Common Stock,6352793600,1089,NYQ,NYSE,N,N,EQUITY
FIGR,"Figure Technology Solutions, Inc.","Figure Technology Solutions, Inc. - Class A Common Stock",6352227328,1090,NMS,NASDAQ,N,N,EQUITY
GATX,GATX Corporation,GATX Corporation Common Stock,6337964032,1091,NYQ,NYSE,N,N,EQUITY
BBUC,Brookfield Business Corporation,Brookfield Business Corporation Class A Subordinate Voting Shares,6328999424,1092,NYQ,NYSE,N,N,EQUITY
PPC,Pilgrim's Pride Corporation,Pilgrim's Pride Corporation - Common Stock,6328924672,1093,NMS,NASDAQ,N,N,EQUITY
DUOL,"Duolingo, Inc.","Duolingo, Inc. - Class A Common Stock",6304980992,1094,NMS,NASDAQ,N,N,EQUITY
HWC,Hancock Whitney Corporation,Hancock Whitney Corporation - Common Stock,6302488576,1095,NMS,NASDAQ,N,N,EQUITY
MTG,MGIC Investment Corporation,MGIC Investment Corporation Common Stock,6274768896,1096,NYQ,NYSE,N,N,EQUITY
WFRD,Weatherford International plc,Weatherford International plc - Ordinary shares,6274626560,1097,NMS,NASDAQ,N,N,EQUITY
LUMN,"Lumen Technologies, Inc.","Lumen Technologies, Inc. Common Stock",6264290816,1098,NYQ,NYSE,N,N,EQUITY
LYFT,"Lyft, Inc.","Lyft, Inc. - Class A Common Stock",6257167872,1099,NMS,NASDAQ,N,N,EQUITY
HOMB,"Home BancShares, Inc.","Home BancShares, Inc. Common Stock",6256356352,1100,NYQ,NYSE,N,N,EQUITY
HNGE,"Hinge Health, Inc.","Hinge Health, Inc. Class A Common Stock",6251540480,1101,NYQ,NYSE,N,N,EQUITY
VCTR,"Victory Capital Holdings, Inc.","Victory Capital Holdings, Inc. - Common Stock",6251234304,1102,NMS,NASDAQ,N,N,EQUITY
FBIN,"Fortune Brands Innovations, Inc.","Fortune Brands Innovations, Inc. Common Stock",6237852672,1103,NYQ,NYSE,N,N,EQUITY
OTEX,Open Text Corporation,Open Text Corporation - Common Shares,6224289792,1104,NMS,NASDAQ,N,N,EQUITY
MATX,"Matson, Inc.","Matson, Inc. Common Stock",6219406336,1105,NYQ,NYSE,N,N,EQUITY
XENE,Xenon Pharmaceuticals Inc.,Xenon Pharmaceuticals Inc. - Common Shares,6215595520,1106,NGM,NASDAQ,N,N,EQUITY
CACC,Credit Acceptance Corporation,Credit Acceptance Corporation - Common Stock,6197801472,1107,NMS,NASDAQ,N,N,EQUITY
BEPC,Brookfield Renewable Corporation,Brookfield Renewable Corporation Brookfield Renewable Corporation Class A Subordinate Voting Shares,6180455424,1108,NYQ,NYSE,N,N,EQUITY
LEA,Lear Corporation,Lear Corporation Common Stock,6178912768,1109,NYQ,NYSE,N,N,EQUITY
RRR,"Red Rock Resorts, Inc.","Red Rock Resorts, Inc. - Class A Common Stock",6177661952,1110,NMS,NASDAQ,N,N,EQUITY
RUSHB,"Rush Enterprises, Inc.","Rush Enterprises, Inc. - Class B Common Stock",6162701824,1111,NMS,NASDAQ,N,N,EQUITY
CPA,"Copa Holdings, S.A.","Copa Holdings, S.A. Class A Common Stock",6151742464,1112,NYQ,NYSE,N,N,EQUITY
DNTH,"Dianthus Therapeutics, Inc.","Dianthus Therapeutics, Inc. - Common Stock",6149950976,1113,NCM,NASDAQ,N,N,EQUITY
CZR,"Caesars Entertainment, Inc.","Caesars Entertainment, Inc. - Common Stock",6131983360,1114,NMS,NASDAQ,N,N,EQUITY
ESNT,Essent Group Ltd.,Essent Group Ltd. Common Shares,6129086976,1115,NYQ,NYSE,N,N,EQUITY
BYD,Boyd Gaming Corporation,Boyd Gaming Corporation Common Stock,6126304768,1116,NYQ,NYSE,N,N,EQUITY
MIDD,The Middleby Corporation,The Middleby Corporation - Common Stock,6119329792,1117,NMS,NASDAQ,N,N,EQUITY
MXL,"MaxLinear, Inc.","MaxLinear, Inc - Common Stock",6118162432,1118,NMS,NASDAQ,N,N,EQUITY
GTLB,GitLab Inc.,GitLab Inc. - Class A Common Stock,6107423744,1119,NMS,NASDAQ,N,N,EQUITY
AUB,Atlantic Union Bankshares Corporation,Atlantic Union Bankshares Corporation Common Stock,6105577472,1120,NYQ,NYSE,N,N,EQUITY
LKQ,LKQ Corporation,LKQ Corporation - Common Stock,6099880448,1121,NMS,NASDAQ,N,N,EQUITY
KNSA,"Kiniksa Pharmaceuticals International, plc","Kiniksa Pharmaceuticals International, plc - Class A Ordinary Shares",6092115456,1122,NMS,NASDAQ,N,N,EQUITY
LSTR,"Landstar System, Inc.","Landstar System, Inc. - Common Stock",6086587392,1123,NMS,NASDAQ,N,N,EQUITY
MCY,Mercury General Corporation,Mercury General Corporation Common Stock,6071147520,1124,NYQ,NYSE,N,N,EQUITY
LGND,Ligand Pharmaceuticals Incorporated,Ligand Pharmaceuticals Incorporated - Common Stock,6063823872,1125,NGM,NASDAQ,N,N,EQUITY
TFX,Teleflex Incorporated,Teleflex Incorporated Common Stock,6055279616,1126,NYQ,NYSE,N,N,EQUITY
VSEC,VSE Corporation,VSE Corporation - Common Stock,6053330432,1127,NMS,NASDAQ,N,N,EQUITY
OR,OR Royalties Inc.,OR Royalties Inc. Common Shares,6044867072,1128,NYQ,NYSE,N,N,EQUITY
GOLF,Acushnet Holdings Corp.,Acushnet Holdings Corp. Common Stock,6039850496,1129,NYQ,NYSE,N,N,EQUITY
TXG,"10x Genomics, Inc.","10x Genomics, Inc. - Common Stock",6025340928,1130,NMS,NASDAQ,N,N,EQUITY
ORA,"Ormat Technologies, Inc.","Ormat Technologies, Inc. Common Stock",6023677440,1131,NYQ,NYSE,N,N,EQUITY
CHDN,Churchill Downs Incorporated,"Churchill Downs, Incorporated - Common Stock",6022797824,1132,NMS,NASDAQ,N,N,EQUITY
SSRM,SSR Mining Inc.,SSR Mining Inc. - Common Stock,6017241088,1133,NMS,NASDAQ,N,N,EQUITY
RSI,"Rush Street Interactive, Inc.","Rush Street Interactive, Inc. Class A Common Stock",6002404864,1134,NYQ,NYSE,N,N,EQUITY
BLCO,Bausch + Lomb Corporation,Bausch + Lomb Corporation Common Shares,5986089472,1135,NYQ,NYSE,N,N,EQUITY
VFC,V.F. Corporation,V.F. Corporation Common Stock,5983507968,1136,NYQ,NYSE,N,N,EQUITY
G,Genpact Limited,Genpact Limited Common Stock,5978494976,1137,NYQ,NYSE,N,N,EQUITY
OGC,OceanaGold Corporation,OceanaGold Corporation Common Shares,5974940672,1138,NYQ,NYSE,N,N,EQUITY
ABCB,Ameris Bancorp,Ameris Bancorp Common Stock,5966447104,1139,NYQ,NYSE,N,N,EQUITY
FLG,"Flagstar Bank, National Association","Flagstar Bank, N.A. Common Stock",5963371520,1140,NYQ,NYSE,N,N,EQUITY
ASB,Associated Banc-Corp,Associated Banc-Corp Common Stock,5950278656,1141,NYQ,NYSE,N,N,EQUITY
AROC,"Archrock, Inc.","Archrock, Inc. Common Stock",5946626048,1142,NYQ,NYSE,N,N,EQUITY
ROAD,"Construction Partners, Inc.","Construction Partners, Inc. - Common Stock",5940105728,1143,NMS,NASDAQ,N,N,EQUITY
AIR,AAR Corp.,AAR Corp. Common Stock,5911205376,1144,NYQ,NYSE,N,N,EQUITY
TXNM,"TXNM Energy, Inc.","TXNM Energy, Inc. Common Stock",5910725120,1145,NYQ,NYSE,N,N,EQUITY
AMRX,"Amneal Pharmaceuticals, Inc.","Amneal Pharmaceuticals, Inc. - Class A Common Stock",5894856704,1146,NMS,NASDAQ,N,N,EQUITY
DFTX,"Definium Therapeutics, Inc.","Definium Therapeutics, Inc.  - Common Shares",5892472832,1147,NMS,NASDAQ,N,N,EQUITY
AX,"Axos Financial, Inc.","Axos Financial, Inc. Common Stock",5889561600,1148,NYQ,NYSE,N,N,EQUITY
ACIW,"ACI Worldwide, Inc.","ACI Worldwide, Inc. - Common Stock",5875022336,1149,NMS,NASDAQ,N,N,EQUITY
MWH,"SOLV Energy, Inc.","SOLV Energy, Inc. - Class A common stock",5870458368,1150,NMS,NASDAQ,N,N,EQUITY
PECO,"Phillips Edison & Company, Inc.","Phillips Edison & Company, Inc. - Common Stock",5869912576,1151,NMS,NASDAQ,N,N,EQUITY
DOX,Amdocs Limited,Amdocs Limited - Ordinary Shares,5869807616,1152,NMS,NASDAQ,N,N,EQUITY
SEZL,Sezzle Inc.,Sezzle Inc. - Common Stock,5864551936,1153,NCM,NASDAQ,N,N,EQUITY
ORKA,"Oruka Therapeutics, Inc.","Oruka Therapeutics, Inc. - Common Stock",5861733376,1154,NGM,NASDAQ,N,N,EQUITY
GTX,Garrett Motion Inc.,Garrett Motion Inc. - Common Stock,5857757696,1155,NMS,NASDAQ,N,N,EQUITY
MTDR,Matador Resources Company,Matador Resources Company Common Stock,5840101888,1156,NYQ,NYSE,N,N,EQUITY
KGS,"Kodiak Gas Services, Inc.","Kodiak Gas Services, Inc. Common Stock",5838158848,1157,NYQ,NYSE,N,N,EQUITY
TVTX,"Travere Therapeutics, Inc.","Travere Therapeutics, Inc. - Common Stock",5836234752,1158,NGM,NASDAQ,N,N,EQUITY
HRB,"H&R Block, Inc.","H&R Block, Inc. Common Stock",5815758336,1159,NYQ,NYSE,N,N,EQUITY
ALK,"Alaska Air Group, Inc.","Alaska Air Group, Inc. Common Stock",5807060480,1160,NYQ,NYSE,N,N,EQUITY
NXST,"Nexstar Media Group, Inc.","Nexstar Media Group, Inc. - Common Stock",5803319296,1161,NMS,NASDAQ,N,N,EQUITY
POR,Portland General Electric Company,Portland General Electric Co Common Stock,5792181248,1162,NYQ,NYSE,N,N,EQUITY
SON,Sonoco Products Company,Sonoco Products Company Common Stock,5780232192,1163,NYQ,NYSE,N,N,EQUITY
PTCT,"PTC Therapeutics, Inc.","PTC Therapeutics, Inc. - Common Stock",5776322048,1164,NMS,NASDAQ,N,N,EQUITY
KVYO,"Klaviyo, Inc.","Klaviyo, Inc. Series A Common Stock",5776099840,1165,NYQ,NYSE,N,N,EQUITY
SPHR,Sphere Entertainment Co.,Sphere Entertainment Co. Class A Common Stock,5769161728,1166,NYQ,NYSE,N,N,EQUITY
RLI,RLI Corp.,RLI Corp. Common Stock (DE),5765179904,1167,NYQ,NYSE,N,N,EQUITY
SIGI,"Selective Insurance Group, Inc.","Selective Insurance Group, Inc. - Common Stock",5762724352,1168,NMS,NASDAQ,N,N,EQUITY
PSMT,"PriceSmart, Inc.","PriceSmart, Inc. - Common Stock",5757339136,1169,NMS,NASDAQ,N,N,EQUITY
MGY,Magnolia Oil & Gas Corporation,Magnolia Oil & Gas Corporation Class A Common Stock,5751911424,1170,NYQ,NYSE,N,N,EQUITY
ACI,"Albertsons Companies, Inc.","Albertsons Companies, Inc. Class A Common Stock",5751109632,1171,NYQ,NYSE,N,N,EQUITY
DLB,"Dolby Laboratories, Inc.",Dolby Laboratories Common Stock,5747516928,1172,NYQ,NYSE,N,N,EQUITY
ESAB,ESAB Corporation,ESAB Corporation Common Stock,5745713152,1173,NYQ,NYSE,N,N,EQUITY
EPAM,"EPAM Systems, Inc.","EPAM Systems, Inc. Common Stock",5740098048,1174,NYQ,NYSE,N,N,EQUITY
SRRK,Scholar Rock Holding Corporation,Scholar Rock Holding Corporation - Common Stock,5736182272,1175,NMS,NASDAQ,N,N,EQUITY
CWST,"Casella Waste Systems, Inc.","Casella Waste Systems, Inc. - Class A Common Stock",5727438848,1176,NMS,NASDAQ,N,N,EQUITY
PRM,"Perimeter Solutions, Inc.","Perimeter Solutions, SA Common Stock",5724131840,1177,NYQ,NYSE,N,N,EQUITY
AMTM,"Amentum Holdings, Inc.","Amentum Holdings, Inc. Common Stock",5717001728,1178,NYQ,NYSE,N,N,EQUITY
MKTX,MarketAxess Holdings Inc.,"MarketAxess Holdings, Inc. - Common Stock",5715677696,1179,NMS,NASDAQ,N,N,EQUITY
BCPC,Balchem Corporation,Balchem Corporation - Common Stock,5699470848,1180,NMS,NASDAQ,N,N,EQUITY
RIG,Transocean Ltd.,Transocean Ltd (Switzerland) Common Stock,5688748032,1181,NYQ,NYSE,N,N,EQUITY
KRG,Kite Realty Group Trust,Kite Realty Group Trust Common Stock,5688585728,1182,NYQ,NYSE,N,N,EQUITY
NTSK,"Netskope, Inc.","Netskope, Inc. - Class A Common Stock",5687244800,1183,NMS,NASDAQ,N,N,EQUITY
WH,"Wyndham Hotels & Resorts, Inc.","Wyndham Hotels & Resorts, Inc. Common Stock",5648950784,1184,NYQ,NYSE,N,N,EQUITY
HRI,Herc Holdings Inc.,Herc Holdings Inc. Common Stock,5644230656,1185,NYQ,NYSE,N,N,EQUITY
REYN,Reynolds Consumer Products Inc.,Reynolds Consumer Products Inc. - Common Stock,5640766464,1186,NMS,NASDAQ,N,N,EQUITY
RITM,Rithm Capital Corp.,Rithm Capital Corp. Common Stock,5639911424,1187,NYQ,NYSE,N,N,EQUITY
CSW,"CSW Industrials, Inc.","CSW Industrials, Inc. Common Stock",5638035456,1188,NYQ,NYSE,N,N,EQUITY
OUT,OUTFRONT Media Inc.,OUTFRONT Media Inc. Common Stock,5635792384,1189,NYQ,NYSE,N,N,EQUITY
OZK,Bank OZK,Bank OZK - Common Stock,5632958976,1190,NMS,NASDAQ,N,N,EQUITY
ADT,ADT Inc.,ADT Inc. Common Stock,5625306112,1191,NYQ,NYSE,N,N,EQUITY
NJR,New Jersey Resources Corporation,NewJersey Resources Corporation Common Stock,5591055360,1192,NYQ,NYSE,N,N,EQUITY
RGTI,"Rigetti Computing, Inc.","Rigetti Computing, Inc.  - Common stock",5577652224,1193,NCM,NASDAQ,N,N,EQUITY
ALH,Alliance Laundry Holdings Inc.,Alliance Laundry Holdings Inc. Common Stock,5563028480,1194,NYQ,NYSE,N,N,EQUITY
SXT,Sensient Technologies Corporation,Sensient Technologies Corporation Common Stock,5543755264,1195,NYQ,NYSE,N,N,EQUITY
ACMR,"ACM Research, Inc.","ACM Research, Inc. - Class A Common Stock",5521848320,1196,NGM,NASDAQ,N,N,EQUITY
CVLT,"Commvault Systems, Inc.","Commvault Systems, Inc. - Common Stock",5519172608,1197,NMS,NASDAQ,N,N,EQUITY
WFG,West Fraser Timber Co. Ltd.,West Fraser Timber Co. Ltd Common stock,5501626880,1198,NYQ,NYSE,N,N,EQUITY
MDA,MDA Space Ltd.,MDA Space Ltd. Common Shares,5495535104,1199,NYQ,NYSE,N,N,EQUITY
AUGO,Aura Minerals Inc.,Aura Minerals Inc. - Common Shares,5490960384,1200,NMS,NASDAQ,N,N,EQUITY
STVN,Stevanato Group S.p.A.,Stevanato Group S.p.A. Ordinary Shares,5487373824,1201,NYQ,NYSE,N,N,EQUITY
GXO,"GXO Logistics, Inc.","GXO Logistics, Inc. Common Stock",5478614016,1202,NYQ,NYSE,N,N,EQUITY
XE,"X-Energy, Inc.","X-Energy, Inc. - Class A Common Stock",5476088320,1203,NMS,NASDAQ,N,N,EQUITY
DAVE,Dave Inc.,Dave Inc.  - Class A Common Stock,5469160448,1204,NGM,NASDAQ,N,N,EQUITY
BTG,B2Gold Corp.,B2Gold Corp Common shares (Canada),5462912512,1205,ASE,NYSE American,N,N,EQUITY
BKH,Black Hills Corporation,Black Hills Corporation Common Stock,5459908608,1206,NYQ,NYSE,N,N,EQUITY
NOVT,Novanta Inc.,Novanta Inc. - Common Shares,5453108736,1207,NMS,NASDAQ,N,N,EQUITY
OBDC,Blue Owl Capital Corporation,Blue Owl Capital Corporation Common Stock,5444470272,1208,NYQ,NYSE,N,N,EQUITY
BC,Brunswick Corporation,Brunswick Corporation Common Stock,5430563840,1209,NYQ,NYSE,N,N,EQUITY
LPX,Louisiana-Pacific Corporation,Louisiana-Pacific Corporation Common Stock,5404747264,1210,NYQ,NYSE,N,N,EQUITY
GVA,Granite Construction Incorporated,Granite Construction Incorporated Common Stock,5397477376,1211,NYQ,NYSE,N,N,EQUITY
MTN,"Vail Resorts, Inc.","Vail Resorts, Inc. Common Stock",5389927424,1212,NYQ,NYSE,N,N,EQUITY
JMKE,Jersey Mike's Subs Inc.,Jersey Mike's Subs Inc. Class A Common Stock,5387782656,1213,NYQ,NYSE,N,N,EQUITY
FTDR,"Frontdoor, Inc.","Frontdoor, Inc. - Common Stock",5364542976,1214,NMS,NASDAQ,N,N,EQUITY
SEI,"Solaris Energy Infrastructure, Inc.","Solaris Energy Infrastructure, Inc. Class A Common Stock",5339045376,1215,NYQ,NYSE,N,N,EQUITY
VAL,Valaris Limited,Valaris Limited Common Shares,5330309120,1216,NYQ,NYSE,N,N,EQUITY
SBRA,"Sabra Health Care REIT, Inc.","Sabra Health Care REIT, Inc. - Common Stock",5316167168,1217,NMS,NASDAQ,N,N,EQUITY
BETA,"BETA Technologies, Inc.","Beta Technologies, Inc. Class A Common Stock",5311516672,1218,NYQ,NYSE,N,N,EQUITY
EBC,"Eastern Bankshares, Inc.","Eastern Bankshares, Inc. - Common Stock",5310480384,1219,NMS,NASDAQ,N,N,EQUITY
UEC,Uranium Energy Corp.,Uranium Energy Corp. Common Stock,5305031680,1220,ASE,NYSE American,N,N,EQUITY
FOUR,"Shift4 Payments, Inc.","Shift4 Payments, Inc. Class A Common Stock",5291556864,1221,NYQ,NYSE,N,N,EQUITY
WHD,"Cactus, Inc.","Cactus, Inc. Class A Common Stock",5284625408,1222,NYQ,NYSE,N,N,EQUITY
RDNT,"RadNet, Inc.","RadNet, Inc. - Common Stock",5273211904,1223,NGM,NASDAQ,N,N,EQUITY
OCTV,Octave Intelligence plc,Octave Intelligence plc - Class B Ordinary Shares,5258696192,1224,NMS,NASDAQ,N,N,EQUITY
UNF,UniFirst Corporation,Unifirst Corporation Common Stock,5242601472,1225,NYQ,NYSE,N,N,EQUITY
LAUR,"Laureate Education, Inc.","Laureate Education, Inc. - Common Stock",5241362944,1226,NMS,NASDAQ,N,N,EQUITY
UFPI,"UFP Industries, Inc.","UFP Industries, Inc. - Common Stock",5235717120,1227,NMS,NASDAQ,N,N,EQUITY
CAKE,The Cheesecake Factory Incorporated,The Cheesecake Factory Incorporated - Common Stock,5232365568,1228,NMS,NASDAQ,N,N,EQUITY
WTM,"White Mountains Insurance Group, Ltd.","White Mountains Insurance Group, Ltd. Common Stock",5230503936,1229,NYQ,NYSE,N,N,EQUITY
PEGA,Pegasystems Inc.,Pegasystems Inc. - Common Stock,5229721088,1230,NMS,NASDAQ,N,N,EQUITY
MAIN,Main Street Capital Corporation,Main Street Capital Corporation Common Stock,5217659904,1231,NYQ,NYSE,N,N,EQUITY
MMED,"MiniMed Group, Inc.","MiniMed Group, Inc. - Common Stock",5212443136,1232,NMS,NASDAQ,N,N,EQUITY
RDN,Radian Group Inc.,Radian Group Inc. Common Stock,5208638464,1233,NYQ,NYSE,N,N,EQUITY
MMSI,"Merit Medical Systems, Inc.","Merit Medical Systems, Inc. - Common Stock",5205554688,1234,NMS,NASDAQ,N,N,EQUITY
MYRG,MYR Group Inc.,"MYR Group, Inc. - Common Stock",5196548608,1235,NMS,NASDAQ,N,N,EQUITY
LBRDA,Liberty Broadband Corporation,Liberty Broadband Corporation - Class A Common Stock,5181882880,1236,NMS,NASDAQ,N,N,EQUITY
BGC,"BGC Group, Inc.","BGC Group, Inc. - Class A Common Stock",5180633600,1237,NMS,NASDAQ,N,N,EQUITY
CIGI,Colliers International Group Inc.,Colliers International Group Inc.  - Subordinate Voting Shares,5174772736,1238,NMS,NASDAQ,N,N,EQUITY
MUR,Murphy Oil Corporation,Murphy Oil Corporation Common Stock,5166318592,1239,NYQ,NYSE,N,N,EQUITY
CRSP,CRISPR Therapeutics AG,CRISPR Therapeutics AG - Common Shares,5165492736,1240,NGM,NASDAQ,N,N,EQUITY
LBRDK,Liberty Broadband Corporation,Liberty Broadband Corporation - Class C Common Stock,5164483584,1241,NMS,NASDAQ,N,N,EQUITY
SLM,SLM Corporation,SLM Corporation - Common Stock,5164359680,1242,NMS,NASDAQ,N,N,EQUITY
VIRT,"Virtu Financial, Inc.","Virtu Financial, Inc. Class A Common Stock",5162940928,1243,NYQ,NYSE,N,N,EQUITY
CNO,"CNO Financial Group, Inc.","CNO Financial Group, Inc. Common Stock",5161369088,1244,NYQ,NYSE,N,N,EQUITY
RNG,"RingCentral, Inc.","RingCentral, Inc. Class A Common Stock",5155627008,1245,NYQ,NYSE,N,N,EQUITY
TREX,"Trex Company, Inc.","Trex Company, Inc. Common Stock",5150259712,1246,NYQ,NYSE,N,N,EQUITY
ENPH,"Enphase Energy, Inc.","Enphase Energy, Inc. - Common Stock",5147034112,1247,NGM,NASDAQ,N,N,EQUITY
MC,Moelis & Company,Moelis & Company Class A Common Stock,5144918016,1248,NYQ,NYSE,N,N,EQUITY
PIPR,Piper Sandler Companies,Piper Sandler Companies Common Stock,5142150144,1249,NYQ,NYSE,N,N,EQUITY
GNTX,Gentex Corporation,Gentex Corporation - Common Stock,5136398336,1250,NMS,NASDAQ,N,N,EQUITY
GHC,Graham Holdings Company,Graham Holdings Company Common Stock,5135993856,1251,NYQ,NYSE,N,N,EQUITY
SHC,Sotera Health Company,Sotera Health Company - Common Stock,5127302656,1252,NMS,NASDAQ,N,N,EQUITY
IRDM,Iridium Communications Inc.,Iridium Communications Inc - Common Stock,5125303808,1253,NMS,NASDAQ,N,N,EQUITY
GEF,"Greif, Inc.",Greif Inc. Class A Common Stock,5123156480,1254,NYQ,NYSE,N,N,EQUITY
BB,BlackBerry Limited,BlackBerry Limited Common Stock,5116656128,1255,NYQ,NYSE,N,N,EQUITY
GLNG,Golar LNG Limited,Golar LNG Limited - Common Shares,5110362112,1256,NMS,NASDAQ,N,N,EQUITY
CNX,CNX Resources Corporation,CNX Resources Corporation Common Stock,5109972992,1257,NYQ,NYSE,N,N,EQUITY
EXLS,"ExlService Holdings, Inc.","ExlService Holdings, Inc. - Common Stock",5106309120,1258,NMS,NASDAQ,N,N,EQUITY
PSN,Parsons Corporation,Parsons Corporation Common Stock,5103161344,1259,NYQ,NYSE,N,N,EQUITY
XMTR,"Xometry, Inc.","Xometry, Inc. - Class A Common Stock",5101402112,1260,NMS,NASDAQ,N,N,EQUITY
ELF,"e.l.f. Beauty, Inc.","e.l.f. Beauty, Inc. Common Stock",5090392064,1261,NYQ,NYSE,N,N,EQUITY
VSH,"Vishay Intertechnology, Inc.","Vishay Intertechnology, Inc. Common Stock",5089078784,1262,NYQ,NYSE,N,N,EQUITY
CHH,"Choice Hotels International, Inc.","Choice Hotels International, Inc. Common Stock",5085941248,1263,NYQ,NYSE,N,N,EQUITY
SAIC,Science Applications International Corporation,Science Applications International Corporation - Common Stock,5085901824,1264,NMS,NASDAQ,N,N,EQUITY
RELY,"Remitly Global, Inc.","Remitly Global, Inc. - Common stock",5068205056,1265,NMS,NASDAQ,N,N,EQUITY
VSNT,"Versant Media Group, Inc.","Versant Media Group, Inc. - Class A Common Stock",5064214016,1266,NMS,NASDAQ,N,N,EQUITY
CUZ,Cousins Properties Incorporated,Cousins Properties Incorporated Common Stock,5063159296,1267,NYQ,NYSE,N,N,EQUITY
FFIN,"First Financial Bankshares, Inc.","First Financial Bankshares, Inc. - Common Stock",5060623360,1268,NMS,NASDAQ,N,N,EQUITY
TBBB,BBB Foods Inc.,BBB Foods Inc. Class A Common Shares,5057608704,1269,NYQ,NYSE,N,N,EQUITY
ONDS,Ondas Inc.,Ondas Inc - Common Stock,5054468096,1270,NCM,NASDAQ,N,N,EQUITY
EQPT,EquipmentShare.com Inc.,EquipmentShare.com Inc - Class A Common Stock,5044978176,1271,NMS,NASDAQ,N,N,EQUITY
PAY,"Paymentus Holdings, Inc.","Paymentus Holdings, Inc. Class A Common Stock",5031573504,1272,NYQ,NYSE,N,N,EQUITY
BDC,Belden Inc.,Belden Inc Common Stock,5009042432,1273,NYQ,NYSE,N,N,EQUITY
SKY,"Champion Homes, Inc.","Champion Homes, Inc. Common Stock",5004162560,1274,NYQ,NYSE,N,N,EQUITY
PI,"Impinj, Inc.","Impinj, Inc. - Common Stock",4992285184,1275,NMS,NASDAQ,N,N,EQUITY
VRNS,"Varonis Systems, Inc.","Varonis Systems, Inc. - Common Stock",4984945152,1276,NMS,NASDAQ,N,N,EQUITY
LIF,"Life360, Inc.","Life360, Inc. - Common Stock",4979397120,1277,NMS,NASDAQ,N,N,EQUITY
OGS,"ONE Gas, Inc.","ONE Gas, Inc. Common Stock",4973930496,1278,NYQ,NYSE,N,N,EQUITY
SFBS,"ServisFirst Bancshares, Inc.","ServisFirst Bancshares, Inc. Common Stock",4944993792,1279,NYQ,NYSE,N,N,EQUITY
AKO-B,Embotelladora Andina S.A.,Embotelladora Andina S.A. Common Stock,4931632640,1280,NYQ,NYSE,N,N,EQUITY
ACAD,ACADIA Pharmaceuticals Inc.,ACADIA Pharmaceuticals Inc. - Common Stock,4931593216,1281,NMS,NASDAQ,N,N,EQUITY
GBTG,"Global Business Travel Group, Inc.","Global Business Travel Group, Inc. Class A Common Stock",4925152256,1282,NYQ,NYSE,N,N,EQUITY
KLIC,"Kulicke and Soffa Industries, Inc.","Kulicke and Soffa Industries, Inc. - Common Stock",4910917120,1283,NMS,NASDAQ,N,N,EQUITY
CAR,"Avis Budget Group, Inc.","Avis Budget Group, Inc. - Common Stock",4898621952,1284,NMS,NASDAQ,N,N,EQUITY
DYN,"Dyne Therapeutics, Inc.","Dyne Therapeutics, Inc. - Common Stock",4887154176,1285,NMS,NASDAQ,N,N,EQUITY
MTH,Meritage Homes Corporation,Meritage Homes Corporation Common Stock,4884146688,1286,NYQ,NYSE,N,N,EQUITY
NNI,"Nelnet, Inc.","Nelnet, Inc. Common Stock",4881277440,1287,NYQ,NYSE,N,N,EQUITY
BOOT,"Boot Barn Holdings, Inc.","Boot Barn Holdings, Inc. Common Stock",4879191040,1288,NYQ,NYSE,N,N,EQUITY
HASI,"HA Sustainable Infrastructure Capital, Inc.","HA Sustainable Infrastructure Capital, Inc. Common Stock",4878166528,1289,NYQ,NYSE,N,N,EQUITY
MRP,"Millrose Properties, Inc.","Millrose Properties, Inc. Class A Common Stock",4871845888,1290,NYQ,NYSE,N,N,EQUITY
FELE,"Franklin Electric Co., Inc.","Franklin Electric Co., Inc. - Common Stock",4865472000,1291,NMS,NASDAQ,N,N,EQUITY
ANF,Abercrombie & Fitch Co.,Abercrombie & Fitch Company Common Stock,4863050752,1292,NYQ,NYSE,N,N,EQUITY
SKT,Tanger Inc.,Tanger Inc. Common Stock,4847296512,1293,NYQ,NYSE,N,N,EQUITY
EWTX,"Edgewise Therapeutics, Inc.","Edgewise Therapeutics, Inc. - Common Stock",4840609792,1294,NMS,NASDAQ,N,N,EQUITY
OTF,Blue Owl Technology Finance Corp.,Blue Owl Technology Finance Corp. Common Stock,4820731904,1295,NYQ,NYSE,N,N,EQUITY
BILL,"BILL Holdings, Inc.","BILL Holdings, Inc. Common Stock",4812513792,1296,NYQ,NYSE,N,N,EQUITY
WSC,WillScot Holdings Corporation,WillScot Holdings Corporation - Class A Common Stock,4807218176,1297,NCM,NASDAQ,N,N,EQUITY
DOO,BRP Inc.,BRP Inc. - Common Subordinate Voting Shares,4805658112,1298,NMS,NASDAQ,N,N,EQUITY
OII,"Oceaneering International, Inc.","Oceaneering International, Inc. Common Stock",4784390144,1299,NYQ,NYSE,N,N,EQUITY
FHI,"Federated Hermes, Inc.","Federated Hermes, Inc. Common Stock",4783483904,1300,NYQ,NYSE,N,N,EQUITY
SR,Spire Inc.,Spire Inc. Common Stock,4775454208,1301,NYQ,NYSE,N,N,EQUITY
TNL,Travel + Leisure Co.,Travel   Leisure Co. Common  Stock,4773874688,1302,NYQ,NYSE,N,N,EQUITY
BCO,The Brink's Company,Brinks Company (The) Common Stock,4768351232,1303,NYQ,NYSE,N,N,EQUITY
OLLI,"Ollie's Bargain Outlet Holdings, Inc.","Ollie's Bargain Outlet Holdings, Inc. - Common Stock",4739538432,1304,NGM,NASDAQ,N,N,EQUITY
VNT,Vontier Corporation,Vontier Corporation Common Stock,4733696000,1305,NYQ,NYSE,N,N,EQUITY
FULT,Fulton Financial Corporation,Fulton Financial Corporation - Common Stock,4732915712,1306,NMS,NASDAQ,N,N,EQUITY
CE,Celanese Corporation,Celanese Corporation Common Stock,4730841600,1307,NYQ,NYSE,N,N,EQUITY
TKC,Turkcell Iletisim Hizmetleri A.S.,Turkcell Iletisim Hizmetleri AS Common Stock,4727233024,1308,NYQ,NYSE,N,N,EQUITY
IBOC,International Bancshares Corporation,International Bancshares Corporation - Common Stock,4719556608,1309,NMS,NASDAQ,N,N,EQUITY
VVV,Valvoline Inc.,Valvoline Inc. Common Stock,4716284416,1310,NYQ,NYSE,N,N,EQUITY
GFF,Griffon Corporation,Griffon Corporation Common Stock,4715548160,1311,NYQ,NYSE,N,N,EQUITY
OPLN,"OPENLANE, Inc.","OPENLANE, Inc. Common Stock",4693319168,1312,NYQ,NYSE,N,N,EQUITY
PTRN,Pattern Group Inc.,Pattern Group Inc. - Series A Common Stock,4689821184,1313,NMS,NASDAQ,N,N,EQUITY
TNGX,"Tango Therapeutics, Inc.","Tango Therapeutics, Inc. - Common Stock",4687434240,1314,NGM,NASDAQ,N,N,EQUITY
EPR,EPR Properties,EPR Properties Common Stock,4683103232,1315,NYQ,NYSE,N,N,EQUITY
NVST,Envista Holdings Corporation,Envista Holdings Corporation Common Stock,4658899968,1316,NYQ,NYSE,N,N,EQUITY
MANE,"Veradermics, Incorporated","Veradermics, Incorporated Common Stock",4651638784,1317,NYQ,NYSE,N,N,EQUITY
CAI,"Caris Life Sciences, Inc.","Caris Life Sciences, Inc. - Common Stock",4650097664,1318,NMS,NASDAQ,N,N,EQUITY
CENX,Century Aluminum Company,Century Aluminum Company - Common Stock,4641883136,1319,NMS,NASDAQ,N,N,EQUITY
KTB,"Kontoor Brands, Inc.","Kontoor Brands, Inc. Common Stock",4623533056,1320,NYQ,NYSE,N,N,EQUITY
ITRI,"Itron, Inc.","Itron, Inc. - Common Stock",4622567424,1321,NMS,NASDAQ,N,N,EQUITY
BRC,Brady Corporation,Brady Corporation Common Stock,4622236160,1322,NYQ,NYSE,N,N,EQUITY
MRX,Marex Group Limited,Marex Group Limited - Ordinary Shares,4620120064,1323,NMS,NASDAQ,N,N,EQUITY
CMBT,Cmb.Tech NV,CMB.TECH NV Ordinary Shares,4616601088,1324,NYQ,NYSE,N,N,EQUITY
SKYW,"SkyWest, Inc.","SkyWest, Inc. - Common Stock",4598213120,1325,NMS,NASDAQ,N,N,EQUITY
KBR,"KBR, Inc.","KBR, Inc. Common Stock",4580041728,1326,NYQ,NYSE,N,N,EQUITY
CRC,California Resources Corporation,California Resources Corporation Common Stock,4559618048,1327,NYQ,NYSE,N,N,EQUITY
BFH,"Bread Financial Holdings, Inc.","Bread Financial Holdings, Inc. Common Stock",4539329536,1328,NYQ,NYSE,N,N,EQUITY
KRC,Kilroy Realty Corporation,Kilroy Realty Corporation Common Stock,4539154944,1329,NYQ,NYSE,N,N,EQUITY
CELC,Celcuity Inc.,Celcuity Inc. - Common Stock,4531363328,1330,NCM,NASDAQ,N,N,EQUITY
PRIM,Primoris Services Corporation,Primoris Services Corporation Common Stock,4524861952,1331,NYQ,NYSE,N,N,EQUITY
CVCO,"Cavco Industries, Inc.","Cavco Industries, Inc. - Common Stock",4519291904,1332,NMS,NASDAQ,N,N,EQUITY
SLGN,Silgan Holdings Inc.,Silgan Holdings Inc. Common Stock,4508298752,1333,NYQ,NYSE,N,N,EQUITY
NP,Neptune Insurance Holdings Inc.,Neptune Insurance Holdings Inc. Class A Common Stock,4502617600,1334,NYQ,NYSE,N,N,EQUITY
PLNT,"Planet Fitness, Inc.","Planet Fitness, Inc. Common Stock",4495666688,1335,NYQ,NYSE,N,N,EQUITY
INSW,"International Seaways, Inc.","International Seaways, Inc. Common Stock",4490570752,1336,NYQ,NYSE,N,N,EQUITY
AXTI,"AXT, Inc.",AXT Inc - Common Stock,4488684544,1337,NMS,NASDAQ,N,N,EQUITY
WAY,Waystar Holding Corp.,Waystar Holding Corp. - Common Stock,4483077632,1338,NMS,NASDAQ,N,N,EQUITY
DLO,DLocal Limited,DLocal Limited - Class A Common Shares,4472890368,1339,NMS,NASDAQ,N,N,EQUITY
TPC,Tutor Perini Corporation,Tutor Perini Corporation Common Stock,4463517184,1340,NYQ,NYSE,N,N,EQUITY
SITE,"SiteOne Landscape Supply, Inc.","SiteOne Landscape Supply, Inc. Common Stock",4451540480,1341,NYQ,NYSE,N,N,EQUITY
HCC,"Warrior Met Coal, Inc.","Warrior Met Coal, Inc. Common Stock",4451205632,1342,NYQ,NYSE,N,N,EQUITY
TGS,Transportadora de Gas del Sur S.A.,Transportadora de Gas del Sur SA TGS Common Stock,4450322944,1343,NYQ,NYSE,N,N,EQUITY
MIAX,"Miami International Holdings, Inc.","Miami International Holdings, Inc. Common Stock",4448406016,1344,NYQ,NYSE,N,N,EQUITY
AQN,Algonquin Power & Utilities Corp.,Algonquin Power & Utilities Corp. Common Shares,4440970240,1345,NYQ,NYSE,N,N,EQUITY
FBP,First BanCorp.,First BanCorp. New Common Stock,4435191296,1346,NYQ,NYSE,N,N,EQUITY
BOX,"Box, Inc.","Box, Inc. Class A Common Stock",4433044480,1347,NYQ,NYSE,N,N,EQUITY
CHEF,"The Chefs' Warehouse, Inc.","The Chefs' Warehouse, Inc. - Common Stock",4428006912,1348,NMS,NASDAQ,N,N,EQUITY
ATMU,Atmus Filtration Technologies Inc.,Atmus Filtration Technologies Inc. Common Stock,4422562304,1349,NYQ,NYSE,N,N,EQUITY
GPGI,"GPGI, Inc.","GPGI, Inc. Class A Common Stock",4411691008,1350,NYQ,NYSE,N,N,EQUITY
CVSA,Covista Inc.,Covista Inc. Common Shares,4386921984,1351,NYQ,NYSE,N,N,EQUITY
CNK,"Cinemark Holdings, Inc.","Cinemark Holdings Inc Cinemark Holdings, Inc. Common Stock",4377990656,1352,NYQ,NYSE,N,N,EQUITY
CBT,Cabot Corporation,Cabot Corporation Common Stock,4364074496,1353,NYQ,NYSE,N,N,EQUITY
LFTO,"Liftoff Mobile, Inc.","Liftoff Mobile, Inc. - Common Stock",4350101504,1354,NMS,NASDAQ,N,N,EQUITY
TCBI,"Texas Capital Bancshares, Inc.","Texas Capital Bancshares, Inc. - Common Stock",4346567680,1355,NMS,NASDAQ,N,N,EQUITY
CNS,"Cohen & Steers, Inc.",Cohen & Steers Inc Common Stock,4330721280,1356,NYQ,NYSE,N,N,EQUITY
CDP,COPT Defense Properties,COPT Defense Properties Common Shares of Beneficial Interest,4330266112,1357,NYQ,NYSE,N,N,EQUITY
UCB,"United Community Banks, Inc.","United Community Banks, Inc. Common Stock",4319881216,1358,NYQ,NYSE,N,N,EQUITY
CRGY,Crescent Energy Company,Crescent Energy Company Class A Common Stock,4319565824,1359,NYQ,NYSE,N,N,EQUITY
LIVN,LivaNova PLC,LivaNova PLC - Ordinary Shares,4292781056,1360,NMS,NASDAQ,N,N,EQUITY
RLAY,"Relay Therapeutics, Inc.","Relay Therapeutics, Inc. - Common Stock",4291245312,1361,NGM,NASDAQ,N,N,EQUITY
CATY,Cathay General Bancorp,Cathay General Bancorp - Common Stock,4285510656,1362,NMS,NASDAQ,N,N,EQUITY
MARA,"MARA Holdings, Inc.","MARA Holdings, Inc. - Common Stock",4285480192,1363,NCM,NASDAQ,N,N,EQUITY
PBLS,"Parabilis Medicines, Inc.","Parabilis Medicines, Inc. - Common Stock",4268704512,1364,NMS,NASDAQ,N,N,EQUITY
ELVN,"Enliven Therapeutics, Inc.","Enliven Therapeutics, Inc.  - Common Stock",4264865280,1365,NMS,NASDAQ,N,N,EQUITY
LAZ,"Lazard, Inc.","Lazard, Inc. Common Stock",4263462656,1366,NYQ,NYSE,N,N,EQUITY
NWE,"NorthWestern Energy Group, Inc.","NorthWestern Energy Group, Inc.  - Common Stock",4253344000,1367,NMS,NASDAQ,N,N,EQUITY
KFY,Korn Ferry,Korn Ferry Common Stock,4245542656,1368,NYQ,NYSE,N,N,EQUITY
LASR,"nLIGHT, Inc.","nLIGHT, Inc. - Common Stock",4244755200,1369,NMS,NASDAQ,N,N,EQUITY
ITGR,Integer Holdings Corporation,Integer Holdings Corporation Common Stock,4244355072,1370,NYQ,NYSE,N,N,EQUITY
CAAP,Corporación América Airports S.A.,Corporacion America Airports SA Common Shares,4243790336,1371,NYQ,NYSE,N,N,EQUITY
BNL,"Broadstone Net Lease, Inc.","Broadstone Net Lease, Inc. Common Stock",4241326336,1372,NYQ,NYSE,N,N,EQUITY
NSIT,"Insight Enterprises, Inc.","Insight Enterprises, Inc. - Common Stock",4237005312,1373,NMS,NASDAQ,N,N,EQUITY
DORM,"Dorman Products, Inc.","Dorman Products, Inc. - Common Stock",4229609728,1374,NMS,NASDAQ,N,N,EQUITY
GEF-B,"Greif, Inc.","Greif, Inc. Corporation Class B Common Stock",4229502976,1375,NYQ,NYSE,N,N,EQUITY
FCN,"FTI Consulting, Inc.","FTI Consulting, Inc. Common Stock",4229265152,1376,NYQ,NYSE,N,N,EQUITY
WSFS,WSFS Financial Corporation,WSFS Financial Corporation - Common Stock,4228718592,1377,NMS,NASDAQ,N,N,EQUITY
SLG,SL Green Realty Corp.,SL Green Realty Corp Common Stock,4222063616,1378,NYQ,NYSE,N,N,EQUITY
CNR,"Core Natural Resources, Inc.","Core Natural Resources, Inc. Common Stock",4218108672,1379,NYQ,NYSE,N,N,EQUITY
MAT,"Mattel, Inc.","Mattel, Inc. - Common Stock",4201627648,1380,NMS,NASDAQ,N,N,EQUITY
ACLS,"Axcelis Technologies, Inc.","Axcelis Technologies, Inc. - Common Stock",4200401408,1381,NMS,NASDAQ,N,N,EQUITY
USAR,"USA Rare Earth, Inc.","USA Rare Earth, Inc. - Common Stock",4198556672,1382,NGM,NASDAQ,N,N,EQUITY
GEO,"The GEO Group, Inc.",Geo Group Inc (The) REIT,4198286592,1383,NYQ,NYSE,N,N,EQUITY
MDU,"MDU Resources Group, Inc.","MDU Resources Group, Inc. Common Stock (Holding Company)",4184300544,1384,NYQ,NYSE,N,N,EQUITY
BELFB,Bel Fuse Inc.,Bel Fuse Inc. - Class B Common Stock,4181618176,1385,NMS,NASDAQ,N,N,EQUITY
PII,Polaris Inc.,Polaris Inc. Common Stock,4159647488,1386,NYQ,NYSE,N,N,EQUITY
ICUI,"ICU Medical, Inc.","ICU Medical, Inc. - Common Stock",4158932224,1387,NMS,NASDAQ,N,N,EQUITY
RHI,Robert Half Inc.,Robert Half Inc. Common Stock,4148005120,1388,NYQ,NYSE,N,N,EQUITY
THO,"THOR Industries, Inc.","Thor Industries, Inc. Common Stock",4137520128,1389,NYQ,NYSE,N,N,EQUITY
MWA,"Mueller Water Products, Inc.",MUELLER WATER PRODUCTS Common Stock,4132400896,1390,NYQ,NYSE,N,N,EQUITY
IRT,"Independence Realty Trust, Inc.","Independence Realty Trust, Inc. Common Stock",4129906432,1391,NYQ,NYSE,N,N,EQUITY
SEB,Seaboard Corporation,Seaboard Corporation Common Stock,4122033408,1392,ASE,NYSE American,N,N,EQUITY
IRTC,"iRhythm Holdings, Inc.","iRhythm Holdings, Inc.  - Common Stock",4091369728,1393,NMS,NASDAQ,N,N,EQUITY
INDB,Independent Bank Corp.,Independent Bank Corp. - Common Stock,4081868544,1394,NMS,NASDAQ,N,N,EQUITY
ZGN,Ermenegildo Zegna N.V.,Ermenegildo Zegna N.V. Ordinary Shares,4081026304,1395,NYQ,NYSE,N,N,EQUITY
FSLY,"Fastly, Inc.","Fastly, Inc. - Class A Common Stock",4073695232,1396,NMS,NASDAQ,N,N,EQUITY
POST,"Post Holdings, Inc.","Post Holdings, Inc. Common Stock",4043681024,1397,NYQ,NYSE,N,N,EQUITY
WSBC,"WesBanco, Inc.","WesBanco, Inc. - Common Stock",4042433280,1398,NMS,NASDAQ,N,N,EQUITY
BMI,"Badger Meter, Inc.","Badger Meter, Inc. Common Stock",4041926144,1399,NYQ,NYSE,N,N,EQUITY
CECO,CECO Environmental Corp.,CECO Environmental Corp. - Common Stock,4036817664,1400,NMS,NASDAQ,N,N,EQUITY
CVBF,CVB Financial Corp.,CVB Financial Corporation - Common Stock,4034296832,1401,NMS,NASDAQ,N,N,EQUITY
RNST,Renasant Corporation,Renasant Corporation Common Stock,4033624832,1402,NYQ,NYSE,N,N,EQUITY
LMND,"Lemonade, Inc.","Lemonade, Inc. Common Stock",4029267968,1403,NYQ,NYSE,N,N,EQUITY
TDS,"Telephone and Data Systems, Inc.","Telephone and Data Systems, Inc. Common Shares",4029151488,1404,NYQ,NYSE,N,N,EQUITY
COLD,"Americold Realty Trust, Inc.","Americold Realty Trust, Inc. Common Stock",4022013440,1405,NYQ,NYSE,N,N,EQUITY
CSTM,Constellium SE,Constellium SE Ordinary Shares (France),4021107712,1406,NYQ,NYSE,N,N,EQUITY
CALM,"Cal-Maine Foods, Inc.","Cal-Maine Foods, Inc. - Common Stock",4019386112,1407,NMS,NASDAQ,N,N,EQUITY
MEOH,Methanex Corporation,Methanex Corporation - Common Stock,4018299648,1408,NMS,NASDAQ,N,N,EQUITY
PVH,PVH Corp.,PVH Corp. Common Stock,4014631680,1409,NYQ,NYSE,N,N,EQUITY
TAC,TransAlta Corporation,TransAlta Corporation Ordinary Shares,4007521024,1410,NYQ,NYSE,N,N,EQUITY
LBTYB,Liberty Global Ltd.,Liberty Global Ltd. - Class B Common Shares,4004367872,1411,NMS,NASDAQ,N,N,EQUITY
KAI,Kadant Inc.,Kadant Inc Common Stock,3980868608,1412,NYQ,NYSE,N,N,EQUITY
YETI,"YETI Holdings, Inc.","YETI Holdings, Inc. Common Stock",3978069248,1413,NYQ,NYSE,N,N,EQUITY
REZI,"Resideo Technologies, Inc.","Resideo Technologies, Inc. Common Stock",3973424896,1414,NYQ,NYSE,N,N,EQUITY
BFAM,Bright Horizons Family Solutions Inc.,Bright Horizons Family Solutions Inc. Common Stock,3972856064,1415,NYQ,NYSE,N,N,EQUITY
TENB,"Tenable Holdings, Inc.","Tenable Holdings, Inc. - Common Stock",3969791232,1416,NMS,NASDAQ,N,N,EQUITY
ACHR,Archer Aviation Inc.,Archer Aviation Inc. Class A Common Stock,3966897408,1417,NYQ,NYSE,N,N,EQUITY
QTWO,"Q2 Holdings, Inc.","Q2 Holdings, Inc. Common Stock",3966382336,1418,NYQ,NYSE,N,N,EQUITY
LFST,"LifeStance Health Group, Inc.","LifeStance Health Group, Inc. - Common Stock",3959622912,1419,NMS,NASDAQ,N,N,EQUITY
SXI,Standex International Corporation,Standex International Corporation Common Stock,3954916352,1420,NYQ,NYSE,N,N,EQUITY
IPAR,"Interparfums, Inc.","Interparfums, Inc. - Common Stock",3951020544,1421,NMS,NASDAQ,N,N,EQUITY
OLED,Universal Display Corporation,Universal Display Corporation - Common Stock,3949930240,1422,NMS,NASDAQ,N,N,EQUITY
FRMI,Fermi Inc.,Fermi Inc. - Common Stock,3949735936,1423,NMS,NASDAQ,N,N,EQUITY
PFSI,"PennyMac Financial Services, Inc.","PennyMac Financial Services, Inc. Common Stock",3940578816,1424,NYQ,NYSE,N,N,EQUITY
ABG,"Asbury Automotive Group, Inc.",Asbury Automotive Group Inc Common Stock,3939907072,1425,NYQ,NYSE,N,N,EQUITY
CON,"Concentra Group Holdings Parent, Inc.","Concentra Group Holdings Parent, Inc. Common Stock",3936104192,1426,NYQ,NYSE,N,N,EQUITY
DIOD,Diodes Incorporated,Diodes Incorporated - Common Stock,3932409856,1427,NMS,NASDAQ,N,N,EQUITY
FG,"F&G Annuities & Life, Inc.","F&G Annuities & Life, Inc. Common Stock",3928179968,1428,NYQ,NYSE,N,N,EQUITY
BULL,Webull Corporation,Webull Corporation - Class A Ordinary Shares,3924821760,1429,NCM,NASDAQ,N,N,EQUITY
LOPE,"Grand Canyon Education, Inc.","Grand Canyon Education, Inc. - Common Stock",3924351744,1430,NMS,NASDAQ,N,N,EQUITY
HHH,Howard Hughes Holdings Inc.,Howard Hughes Holdings Inc. Common Stock,3916739328,1431,NYQ,NYSE,N,N,EQUITY
ADPT,Adaptive Biotechnologies Corporation,Adaptive Biotechnologies Corporation - Common Stock,3912866560,1432,NMS,NASDAQ,N,N,EQUITY
SYNA,Synaptics Incorporated,Synaptics Incorporated - Common Stock,3910955264,1433,NMS,NASDAQ,N,N,EQUITY
VKTX,"Viking Therapeutics, Inc.","Viking Therapeutics, Inc. - Common Stock",3909039616,1434,NCM,NASDAQ,N,N,EQUITY
APLE,"Apple Hospitality REIT, Inc.","Apple Hospitality REIT, Inc. Common Shares",3906917888,1435,NYQ,NYSE,N,N,EQUITY
CLBT,Cellebrite DI Ltd.,Cellebrite DI Ltd. - Ordinary Shares,3901239040,1436,NMS,NASDAQ,N,N,EQUITY
OTTR,Otter Tail Corporation,Otter Tail Corporation - Common Stock,3900327680,1437,NMS,NASDAQ,N,N,EQUITY
IPGP,IPG Photonics Corporation,IPG Photonics Corporation - Common Stock,3894201856,1438,NMS,NASDAQ,N,N,EQUITY
DOCS,"Doximity, Inc.","Doximity, Inc. Class A Common Stock",3888068864,1439,NYQ,NYSE,N,N,EQUITY
NMRK,"Newmark Group, Inc.","Newmark Group, Inc. - Class A Common Stock",3882680832,1440,NMS,NASDAQ,N,N,EQUITY
DNLI,Denali Therapeutics Inc.,Denali Therapeutics Inc. - Common Stock,3875692032,1441,NMS,NASDAQ,N,N,EQUITY
OSIS,"OSI Systems, Inc.","OSI Systems, Inc. - Common Stock",3874962432,1442,NMS,NASDAQ,N,N,EQUITY
MNDY,monday.com Ltd.,monday.com Ltd. - Ordinary Shares,3865968128,1443,NMS,NASDAQ,N,N,EQUITY
LION,Lionsgate Studios Corp.,Lionsgate Studios Corp Common Shares,3861432320,1444,NYQ,NYSE,N,N,EQUITY
SMG,The Scotts Miracle-Gro Company,Scotts Miracle-Gro Company (The) Common Stock,3847571200,1445,NYQ,NYSE,N,N,EQUITY
KNF,Knife River Corporation,Knife Riv Holding Co. Common Stock,3847343872,1446,NYQ,NYSE,N,N,EQUITY
TDW,Tidewater Inc.,Tidewater Inc. Common Stock,3847163392,1447,NYQ,NYSE,N,N,EQUITY
MANU,Manchester United plc,Manchester United Ltd. Class A Ordinary Shares,3840113152,1448,NYQ,NYSE,N,N,EQUITY
MIR,"Mirion Technologies, Inc.","Mirion Technologies, Inc. Class A Common Stock",3837670144,1449,NYQ,NYSE,N,N,EQUITY
BANF,BancFirst Corporation,BancFirst Corporation - Common Stock,3832878592,1450,NMS,NASDAQ,N,N,EQUITY
ATRO,Astronics Corporation,Astronics Corporation - Common Stock,3806736128,1451,NMS,NASDAQ,N,N,EQUITY
CGAU,Centerra Gold Inc.,Centerra Gold Inc. Common Shares,3806522368,1452,NYQ,NYSE,N,N,EQUITY
MHO,"M/I Homes, Inc.","M/I Homes, Inc. Common Stock",3806107392,1453,NYQ,NYSE,N,N,EQUITY
CRK,"Comstock Resources, Inc.","Comstock Resources, Inc. Common Stock",3805322240,1454,NYQ,NYSE,N,N,EQUITY
CCC,CCC Intelligent Solutions Holdings Inc.,CCC Intelligent Solutions Holdings Inc. - Common Stock,3804905728,1455,NMS,NASDAQ,N,N,EQUITY
HAE,Haemonetics Corporation,Haemonetics Corporation Common Stock,3799284224,1456,NYQ,NYSE,N,N,EQUITY
SKE,Skeena Resources Limited,Skeena Resources Limited Common Shares,3795741440,1457,NYQ,NYSE,N,N,EQUITY
AKO-A,Embotelladora Andina S.A.,Embotelladora Andina S.A. Common Stock,3786282240,1458,NYQ,NYSE,N,N,EQUITY
ALM,Almonty Industries Inc.,Almonty Industries Inc. - Common Shares,3776604160,1459,NCM,NASDAQ,N,N,EQUITY
PRK,Park National Corporation,Park National Corporation Common Stock,3754093824,1460,ASE,NYSE American,N,N,EQUITY
COCO,"The Vita Coco Company, Inc.","The Vita Coco Company, Inc. - Common Stock",3751911424,1461,NMS,NASDAQ,N,N,EQUITY
SIG,Signet Jewelers Limited,Signet Jewelers Limited Common Shares,3751723520,1462,NYQ,NYSE,N,N,EQUITY
FLY,Firefly Aerospace Inc.,Firefly Aerospace Inc. - Common Stock,3751132416,1463,NGM,NASDAQ,N,N,EQUITY
GNW,"Genworth Financial, Inc.",Genworth Financial Inc Common Stock,3711359488,1464,NYQ,NYSE,N,N,EQUITY
VCYT,"Veracyte, Inc.","Veracyte, Inc. - Common Stock",3710032128,1465,NGM,NASDAQ,N,N,EQUITY
STNG,Scorpio Tankers Inc.,Scorpio Tankers Inc. Common Shares,3708524288,1466,NYQ,NYSE,N,N,EQUITY
JOE,The St. Joe Company,St. Joe Company (The) Common Stock,3696494336,1467,NYQ,NYSE,N,N,EQUITY
RH,RH,RH Common Stock,3696290816,1468,NYQ,NYSE,N,N,EQUITY
LEU,Centrus Energy Corp.,Centrus Energy Corp. Class A Common Stock,3691206400,1469,NYQ,NYSE,N,N,EQUITY
MSGE,Madison Square Garden Entertainment Corp.,Madison Square Garden Entertainment Corp. Class A Common Stock,3680347136,1470,NYQ,NYSE,N,N,EQUITY
MCHB,Mechanics Bancorp,Mechanics Bancorp - Class A Common Stock,3680091648,1471,NMS,NASDAQ,N,N,EQUITY
AGO,Assured Guaranty Ltd.,Assured Guaranty Ltd. Common Stock,3663930880,1472,NYQ,NYSE,N,N,EQUITY
DK,"Delek US Holdings, Inc.","Delek US Holdings, Inc. Common Stock",3661930752,1473,NYQ,NYSE,N,N,EQUITY
HGV,Hilton Grand Vacations Inc.,Hilton Grand Vacations Inc. Common Stock,3660029952,1474,NYQ,NYSE,N,N,EQUITY
NIC,"Nicolet Bankshares, Inc.",Nicolet Bankshares Inc. Common Stock,3650169856,1475,NYQ,NYSE,N,N,EQUITY
HIW,"Highwoods Properties, Inc.","Highwoods Properties, Inc. Common Stock",3641308928,1476,NYQ,NYSE,N,N,EQUITY
NHI,"National Health Investors, Inc.","National Health Investors, Inc. Common Stock",3637269760,1477,NYQ,NYSE,N,N,EQUITY
HAFN,Hafnia Limited,Hafnia Limited Common Shares,3633410048,1478,NYQ,NYSE,N,N,EQUITY
FIBK,"First Interstate BancSystem, Inc.","First Interstate BancSystem, Inc. - Common Stock",3628246272,1479,NMS,NASDAQ,N,N,EQUITY
OPEN,Opendoor Technologies Inc.,Opendoor Technologies Inc  - Common Stock,3627409664,1480,NMS,NASDAQ,N,N,EQUITY
PTEN,"Patterson-UTI Energy, Inc.","Patterson-UTI Energy, Inc. - Common Stock",3621552384,1481,NMS,NASDAQ,N,N,EQUITY
BLSH,Bullish,Bullish Ordinary Shares,3615296768,1482,NYQ,NYSE,N,N,EQUITY
KBH,KB Home,KB Home Common Stock,3614821632,1483,NYQ,NYSE,N,N,EQUITY
FFBC,First Financial Bancorp.,First Financial Bancorp. - Common Stock,3611551744,1484,NMS,NASDAQ,N,N,EQUITY
LBTYA,Liberty Global Ltd.,Liberty Global Ltd. - Class A Common Shares,3605295360,1485,NMS,NASDAQ,N,N,EQUITY
UCTT,"Ultra Clean Holdings, Inc.","Ultra Clean Holdings, Inc. - Common Stock",3595233792,1486,NMS,NASDAQ,N,N,EQUITY
AYA,Aya Gold & Silver Inc.,Aya Gold & Silver Inc. - Common Shares,3593777920,1487,NMS,NASDAQ,N,N,EQUITY
WRBY,Warby Parker Inc.,Warby Parker Inc. Class A Common Stock,3591874816,1488,NYQ,NYSE,N,N,EQUITY
SHOO,"Steven Madden, Ltd.","Steven Madden, Ltd. - Common Stock",3590800128,1489,NMS,NASDAQ,N,N,EQUITY
AMBA,"Ambarella, Inc.","Ambarella, Inc. - Ordinary Shares",3590610688,1490,NMS,NASDAQ,N,N,EQUITY
LXP,LXP Industrial Trust,LXP Industrial Trust Common Stock (Maryland REIT),3575168512,1491,NYQ,NYSE,N,N,EQUITY
OGN,Organon & Co.,Organon & Co. Common Stock,3563610112,1492,NYQ,NYSE,N,N,EQUITY
BHF,"Brighthouse Financial, Inc.","Brighthouse Financial, Inc. - Common Stock",3553596160,1493,NMS,NASDAQ,N,N,EQUITY
PLMR,"Palomar Holdings, Inc.","Palomar Holdings, Inc. - Common stock",3551518720,1494,NMS,NASDAQ,N,N,EQUITY
OPCH,"Option Care Health, Inc.","Option Care Health, Inc. - Common Stock",3549910528,1495,NMS,NASDAQ,N,N,EQUITY
FA,First Advantage Corporation,First Advantage Corporation - Common Stock,3526801408,1496,NMS,NASDAQ,N,N,EQUITY
FRPT,"Freshpet, Inc.","Freshpet, Inc. - Common Stock",3512235520,1497,NGM,NASDAQ,N,N,EQUITY
LRN,"Stride, Inc.","Stride, Inc. Common Stock",3511701248,1498,NYQ,NYSE,N,N,EQUITY
LBTYK,Liberty Global Ltd.,Liberty Global Ltd. - Class C Common Shares,3509790976,1499,NMS,NASDAQ,N,N,EQUITY
CLMT,"Calumet, Inc.","Calumet, Inc - Common Stock",3508543744,1500,NMS,NASDAQ,N,N,EQUITY
PARR,"Par Pacific Holdings, Inc.","Par Pacific Holdings, Inc.  Common Stock",3506087680,1501,NYQ,NYSE,N,N,EQUITY
TOWN,TowneBank,Towne Bank - Common Stock,3500367360,1502,NMS,NASDAQ,N,N,EQUITY
HNI,HNI Corporation,HNI Corporation Common Stock,3498855424,1503,NYQ,NYSE,N,N,EQUITY
HG,"Hamilton Insurance Group, Ltd.","Hamilton Insurance Group, Ltd. Class B Common Shares",3495796480,1504,NYQ,NYSE,N,N,EQUITY
VAC,Marriott Vacations Worldwide Corporation,Marriott Vacations Worldwide Corporation Common Stock,3494063360,1505,NYQ,NYSE,N,N,EQUITY
RCUS,"Arcus Biosciences, Inc.","Arcus Biosciences, Inc. Common Stock",3483916544,1506,NYQ,NYSE,N,N,EQUITY
AVNT,Avient Corporation,Avient Corporation Common Stock,3477649408,1507,NYQ,NYSE,N,N,EQUITY
CBU,"Community Financial System, Inc.","Community Financial System, Inc. Common Stock",3476727808,1508,NYQ,NYSE,N,N,EQUITY
SFNC,Simmons First National Corporation,Simmons First National Corporation - Common Stock,3470952960,1509,NMS,NASDAQ,N,N,EQUITY
IDYA,"IDEAYA Biosciences, Inc.","IDEAYA Biosciences, Inc. - Common Stock",3469743872,1510,NMS,NASDAQ,N,N,EQUITY
CLSK,"CleanSpark, Inc.","CleanSpark, Inc. - Common Stock",3464216320,1511,NCM,NASDAQ,N,N,EQUITY
RXO,"RXO, Inc.","RXO, Inc. Common Stock",3463326720,1512,NYQ,NYSE,N,N,EQUITY
WK,Workiva Inc.,Workiva Inc. Class A Common Stock,3462563072,1513,NYQ,NYSE,N,N,EQUITY
NHC,National HealthCare Corporation,National HealthCare Corporation Common Stock,3458969344,1514,ASE,NYSE American,N,N,EQUITY
CURB,Curbline Properties Corp.,Curbline Properties Corp. Common Stock,3458042880,1515,NYQ,NYSE,N,N,EQUITY
ALMS,Alumis Inc.,Alumis Inc. - Common Stock,3457582592,1516,NMS,NASDAQ,N,N,EQUITY
NATL,NCR Atleos Corporation,NCR Atleos Corporation Common Stock,3454479872,1517,NYQ,NYSE,N,N,EQUITY
POWI,"Power Integrations, Inc.","Power Integrations, Inc. - Common Stock",3451853056,1518,NMS,NASDAQ,N,N,EQUITY
BKD,Brookdale Senior Living Inc.,Brookdale Senior Living Inc. Common Stock,3446154240,1519,NYQ,NYSE,N,N,EQUITY
NIQ,NIQ Global Intelligence plc,NIQ Global Intelligence plc Ordinary Shares,3441289728,1520,NYQ,NYSE,N,N,EQUITY
CALY,Callaway Golf Company,Callaway Golf Company Common Stock,3435167232,1521,NYQ,NYSE,N,N,EQUITY
HAYW,"Hayward Holdings, Inc.","Hayward Holdings, Inc. Common Stock",3434216192,1522,NYQ,NYSE,N,N,EQUITY
BKU,"BankUnited, Inc.","BankUnited, Inc. Common Stock",3432412416,1523,NYQ,NYSE,N,N,EQUITY
EXTR,"Extreme Networks, Inc.","Extreme Networks, Inc. - Common Stock",3425078272,1524,NMS,NASDAQ,N,N,EQUITY
STUB,"StubHub Holdings, Inc.","StubHub Holdings, Inc. Class A Common Stock",3423988224,1525,NYQ,NYSE,N,N,EQUITY
XNDU,Xanadu Quantum Technologies Limited,Xanadu Quantum Technologies Limited - Class B Subordinate Voting Shares,3417954560,1526,NGM,NASDAQ,N,N,EQUITY
QS,QuantumScape Corporation,QuantumScape Corporation - Common Stock,3395600896,1527,NMS,NASDAQ,N,N,EQUITY
SBCF,Seacoast Banking Corporation of Florida,Seacoast Banking Corporation of Florida - Common Stock,3389773056,1528,NMS,NASDAQ,N,N,EQUITY
ARQT,"Arcutis Biotherapeutics, Inc.","Arcutis Biotherapeutics, Inc. - Common stock",3389759488,1529,NMS,NASDAQ,N,N,EQUITY
BATRA,"Atlanta Braves Holdings, Inc.","Atlanta Braves Holdings, Inc. - Series A Common Stock",3385510656,1530,NMS,NASDAQ,N,N,EQUITY
NMIH,"NMI Holdings, Inc.",NMI Holdings Inc - Common Stock,3380290048,1531,NGM,NASDAQ,N,N,EQUITY
USLM,"United States Lime & Minerals, Inc.","United States Lime & Minerals, Inc. - Common Stock",3379776000,1532,NMS,NASDAQ,N,N,EQUITY
FHB,"First Hawaiian, Inc.","First Hawaiian, Inc. - Common Stock",3378949376,1533,NMS,NASDAQ,N,N,EQUITY
KN,Knowles Corporation,Knowles Corporation Common Stock,3376270080,1534,NYQ,NYSE,N,N,EQUITY
WING,Wingstop Inc.,Wingstop Inc. - Common Stock,3374261760,1535,NMS,NASDAQ,N,N,EQUITY
WT,"WisdomTree, Inc.","WisdomTree, Inc. Common Stock",3369296128,1536,NYQ,NYSE,N,N,EQUITY
KEN,Kenon Holdings Ltd.,Kenon Holdings Ltd. Ordinary Shares,3350569984,1537,NYQ,NYSE,N,N,EQUITY
AWR,American States Water Company,American States Water Company Common Stock,3329024000,1538,NYQ,NYSE,N,N,EQUITY
HP,"Helmerich & Payne, Inc.","Helmerich & Payne, Inc. Common Stock",3325701888,1539,NYQ,NYSE,N,N,EQUITY
MMS,"Maximus, Inc.","Maximus, Inc. Common Stock",3317924096,1540,NYQ,NYSE,N,N,EQUITY
GPI,"Group 1 Automotive, Inc.","Group 1 Automotive, Inc. Common Stock",3309609728,1541,NYQ,NYSE,N,N,EQUITY
ADEA,Adeia Inc.,Adeia Inc.  - Common Stock,3298886144,1542,NMS,NASDAQ,N,N,EQUITY
CWK,Cushman & Wakefield Limited,Cushman & Wakefield Ltd. Common Shares,3287236096,1543,NYQ,NYSE,N,N,EQUITY
CARG,"CarGurus, Inc.","CarGurus, Inc. - Class A Common Stock",3283712256,1544,NMS,NASDAQ,N,N,EQUITY
ASH,Ashland Inc.,Ashland Inc. Common Stock,3283384320,1545,NYQ,NYSE,N,N,EQUITY
PPLI,People Incorporated,People Incorporated - Common Stock,3282720256,1546,NMS,NASDAQ,N,N,EQUITY
PFS,"Provident Financial Services, Inc.","Provident Financial Services, Inc Common Stock",3274922752,1547,NYQ,NYSE,N,N,EQUITY
AAMI,Acadian Asset Management Inc.,Acadian Asset Management Inc. Common Stock,3256845824,1548,NYQ,NYSE,N,N,EQUITY
SMR,NuScale Power Corporation,NuScale Power Corporation Class A Common Stock,3246472448,1549,NYQ,NYSE,N,N,EQUITY
EXPO,"Exponent, Inc.","Exponent, Inc. - Common Stock",3244942848,1550,NMS,NASDAQ,N,N,EQUITY
VECO,Veeco Instruments Inc.,Veeco Instruments Inc. - Common Stock,3232333312,1551,NMS,NASDAQ,N,N,EQUITY
ARIS,Aris Mining Corporation,Aris Mining Corporation Common Shares,3226511616,1552,NYQ,NYSE,N,N,EQUITY
NVTS,Navitas Semiconductor Corporation,Navitas Semiconductor Corporation - Common Stock,3224504576,1553,NGM,NASDAQ,N,N,EQUITY
CLDX,"Celldex Therapeutics, Inc.","Celldex Therapeutics, Inc. - Common Stock",3222884608,1554,NCM,NASDAQ,N,N,EQUITY
AEHR,"Aehr Test Systems, Inc.",Aehr Test Systems - Common Stock,3222247936,1555,NCM,NASDAQ,N,N,EQUITY
CPK,Chesapeake Utilities Corporation,Chesapeake Utilities Corporation Common Stock,3212796928,1556,NYQ,NYSE,N,N,EQUITY
MBX,"MBX Biosciences, Inc.","MBX Biosciences, Inc. - Common Stock",3211881984,1557,NMS,NASDAQ,N,N,EQUITY
NAMS,NewAmsterdam Pharma Company N.V.,NewAmsterdam Pharma Company N.V. - Ordinary Shares,3205507072,1558,NGM,NASDAQ,N,N,EQUITY
FUL,H.B. Fuller Company,H. B. Fuller Company Common Stock,3203578368,1559,NYQ,NYSE,N,N,EQUITY
ZIM,ZIM Integrated Shipping Services Ltd.,ZIM Integrated Shipping Services Ltd. Ordinary Shares,3203412736,1560,NYQ,NYSE,N,N,EQUITY
CRVL,CorVel Corporation,CorVel Corp. - Common Stock,3191636992,1561,NMS,NASDAQ,N,N,EQUITY
BATRK,"Atlanta Braves Holdings, Inc.","Atlanta Braves Holdings, Inc. - Series C Common Stock",3191154944,1562,NMS,NASDAQ,N,N,EQUITY
VGNT,Versigent PLC,Versigent PLC Ordinary Shares,3189711872,1563,NYQ,NYSE,N,N,EQUITY
DX,"Dynex Capital, Inc.","Dynex Capital, Inc. Common Stock",3188944896,1564,NYQ,NYSE,N,N,EQUITY
FRSH,Freshworks Inc.,Freshworks Inc. - Class A Common Stock,3184521728,1565,NMS,NASDAQ,N,N,EQUITY
GRAL,"GRAIL, Inc.","GRAIL, Inc. - Common Stock",3183552768,1566,NMS,NASDAQ,N,N,EQUITY
SHAK,Shake Shack Inc.,"Shake Shack, Inc. Class A Common Stock",3179950336,1567,NYQ,NYSE,N,N,EQUITY
GSHD,"Goosehead Insurance, Inc.","Goosehead Insurance, Inc. - Class A Common Stock",3176864000,1568,NMS,NASDAQ,N,N,EQUITY
ERO,Ero Copper Corp.,Ero Copper Corp. Common Shares,3173178624,1569,NYQ,NYSE,N,N,EQUITY
ARCB,ArcBest Corporation,ArcBest Corporation - Common Stock,3166516224,1570,NMS,NASDAQ,N,N,EQUITY
LBRT,Liberty Energy Inc.,Liberty Energy Inc. Class A common stock,3165913600,1571,NYQ,NYSE,N,N,EQUITY
BWLP,BW LPG Limited,BW LPG Limited Common Shares,3165334528,1572,NYQ,NYSE,N,N,EQUITY
GRND,Grindr Inc.,Grindr Inc. Common Stock,3159968000,1573,NYQ,NYSE,N,N,EQUITY
WDFC,WD-40 Company,WD-40 Company - Common Stock,3151273472,1574,NMS,NASDAQ,N,N,EQUITY
GRBK,"Green Brick Partners, Inc.","Green Brick Partners, Inc. Common Stock",3149673472,1575,NYQ,NYSE,N,N,EQUITY
CSQR,"Csquare, Inc.","Csquare, Inc. Common Stock",3145370112,1576,NYQ,NYSE,N,N,EQUITY
BOH,Bank of Hawaii Corporation,Bank of Hawaii Corporation Common Stock,3141829632,1577,NYQ,NYSE,N,N,EQUITY
TNET,"TriNet Group, Inc.","TriNet Group, Inc. Common Stock",3138507008,1578,NYQ,NYSE,N,N,EQUITY
SA,Seabridge Gold Inc.,"Seabridge Gold, Inc. Common Shares New",3137208576,1579,NYQ,NYSE,N,N,EQUITY
CVI,"CVR Energy, Inc.",CVR Energy Inc. Common Stock,3136554752,1580,NYQ,NYSE,N,N,EQUITY
AKR,Acadia Realty Trust,Acadia Realty Trust Common Stock,3133093376,1581,NYQ,NYSE,N,N,EQUITY
WTTR,"Select Water Solutions, Inc.","Select Water Solutions, Inc. Class A common stock",3129200896,1582,NYQ,NYSE,N,N,EQUITY
HTGC,"Hercules Capital, Inc.","Hercules Capital, Inc. Common Stock",3123767296,1583,NYQ,NYSE,N,N,EQUITY
AGYS,"Agilysys, Inc.","Agilysys, Inc. - Common Stock",3123508992,1584,NMS,NASDAQ,N,N,EQUITY
SBLK,Star Bulk Carriers Corp.,Star Bulk Carriers Corp. - Common Shares,3118404608,1585,NMS,NASDAQ,N,N,EQUITY
UUUU,Energy Fuels Inc.,Energy Fuels Inc Ordinary Shares (Canada),3108994048,1586,ASE,NYSE American,N,N,EQUITY
FSK,FS KKR Capital Corp.,FS KKR Capital Corp. Common Stock,3091933440,1587,NYQ,NYSE,N,N,EQUITY
CXW,"CoreCivic, Inc.","CoreCivic, Inc. Common Stock",3088286720,1588,NYQ,NYSE,N,N,EQUITY
FBK,FB Financial Corporation,FB Financial Corporation Common Stock,3087064320,1589,NYQ,NYSE,N,N,EQUITY
CWT,California Water Service Group,California Water Service Group Common Stock,3075876864,1590,NYQ,NYSE,N,N,EQUITY
QURE,uniQure N.V.,uniQure N.V. - Ordinary Shares,3068770304,1591,NMS,NASDAQ,N,N,EQUITY
BANC,"Banc of California, Inc.","Banc of California, Inc. Common Stock",3067253504,1592,NYQ,NYSE,N,N,EQUITY
KD,"Kyndryl Holdings, Inc.","Kyndryl Holdings, Inc. Common Stock",3065189120,1593,NYQ,NYSE,N,N,EQUITY
KYIV,Kyivstar Group Ltd.,Kyivstar Group Ltd. - Common Shares,3052281344,1594,NMS,NASDAQ,N,N,EQUITY
MZTI,The Marzetti Company,The Marzetti Company - Common Stock,3051014144,1595,NMS,NASDAQ,N,N,EQUITY
AD,"Array Digital Infrastructure, Inc.","Array Digital Infrastructure, Inc. Common Shares",3042791936,1596,NYQ,NYSE,N,N,EQUITY
AMBP,Ardagh Metal Packaging S.A.,Ardagh Metal Packaging S.A. Ordinary Shares,3042325248,1597,NYQ,NYSE,N,N,EQUITY
APAM,Artisan Partners Asset Management Inc.,Artisan Partners Asset Management Inc. Class A Common Stock,3037227264,1598,NYQ,NYSE,N,N,EQUITY
OUST,"Ouster, Inc.","Ouster, Inc. - Common Stock",3036342272,1599,NMS,NASDAQ,N,N,EQUITY
IRON,"Disc Medicine, Inc.","Disc Medicine, Inc. - Common Stock",3029579520,1600,NGM,NASDAQ,N,N,EQUITY
MGEE,"MGE Energy, Inc.",MGE Energy Inc. - Common Stock,3027648256,1601,NMS,NASDAQ,N,N,EQUITY
BHE,"Benchmark Electronics, Inc.","Benchmark Electronics, Inc. Common Stock",3019429376,1602,NYQ,NYSE,N,N,EQUITY
PRVA,"Privia Health Group, Inc.","Privia Health Group, Inc. - Common Stock",3019256320,1603,NMS,NASDAQ,N,N,EQUITY
FIZZ,National Beverage Corp.,National Beverage Corp. - Common Stock,3015245824,1604,NMS,NASDAQ,N,N,EQUITY
DAN,Dana Incorporated,Dana Incorporated Common Stock,3014243328,1605,NYQ,NYSE,N,N,EQUITY
CXT,"Crane NXT, Co.","Crane NXT, Co. Common Stock",3013493760,1606,NYQ,NYSE,N,N,EQUITY
PK,Park Hotels & Resorts Inc.,Park Hotels & Resorts Inc. Common Stock,3008345856,1607,NYQ,NYSE,N,N,EQUITY
ACHC,"Acadia Healthcare Company, Inc.","Acadia Healthcare Company, Inc. - Common Stock",3001552896,1608,NMS,NASDAQ,N,N,EQUITY
BELFA,Bel Fuse Inc.,Bel Fuse Inc. - Class A Common Stock,2996324608,1609,NMS,NASDAQ,N,N,EQUITY
TR,"Tootsie Roll Industries, Inc.","Tootsie Roll Industries, Inc. Common Stock",2994820096,1610,NYQ,NYSE,N,N,EQUITY
TGB,Trekor Metals Limited,Trekor Metals Limited Common Shares,2990995200,1611,ASE,NYSE American,N,N,EQUITY
TBBK,"The Bancorp, Inc.","The Bancorp, Inc. - Common Stock",2986854656,1612,NMS,NASDAQ,N,N,EQUITY
AEO,"American Eagle Outfitters, Inc.","American Eagle Outfitters, Inc. Common Stock",2986156544,1613,NYQ,NYSE,N,N,EQUITY
BCC,Boise Cascade Company,"Boise Cascade, L.L.C. Common Stock",2984089600,1614,NYQ,NYSE,N,N,EQUITY
NTCT,"NetScout Systems, Inc.","NetScout Systems, Inc. - Common Stock",2982227968,1615,NMS,NASDAQ,N,N,EQUITY
SII,Sprott Inc.,Sprott Inc. Common Shares,2981497600,1616,NYQ,NYSE,N,N,EQUITY
CBZ,"CBIZ, Inc.","CBIZ, Inc. Common Stock",2974237184,1617,NYQ,NYSE,N,N,EQUITY
KWR,Quaker Chemical Corporation,Quaker Houghton Common Stock,2970009344,1618,NYQ,NYSE,N,N,EQUITY
ASO,"Academy Sports and Outdoors, Inc.","Academy Sports and Outdoors, Inc. - Common Stock",2968819456,1619,NMS,NASDAQ,N,N,EQUITY
MGNI,"Magnite, Inc.","Magnite, Inc. - Common Stock",2960254208,1620,NMS,NASDAQ,N,N,EQUITY
TTAM,Titan America SA,Titan America SA Common Shares,2959017472,1621,NYQ,NYSE,N,N,EQUITY
MGRC,McGrath RentCorp,McGrath RentCorp - Common Stock,2955749632,1622,NMS,NASDAQ,N,N,EQUITY
BRZE,"Braze, Inc.","Braze, Inc. - Class A Common Stock",2953202432,1623,NMS,NASDAQ,N,N,EQUITY
WHR,Whirlpool Corporation,Whirlpool Corporation Common Stock,2946359808,1624,NYQ,NYSE,N,N,EQUITY
TRMD,TORM plc,TORM plc - Class A Common Stock,2929746944,1625,NMS,NASDAQ,N,N,EQUITY
PLUG,Plug Power Inc.,"Plug Power, Inc. - Common Stock",2929644800,1626,NCM,NASDAQ,N,N,EQUITY
UE,Urban Edge Properties,Urban Edge Properties Common Shares of Beneficial Interest,2925992448,1627,NYQ,NYSE,N,N,EQUITY
COLM,Columbia Sportswear Company,Columbia Sportswear Company - Common Stock,2925253376,1628,NMS,NASDAQ,N,N,EQUITY
KALU,Kaiser Aluminum Corporation,Kaiser Aluminum Corporation - Common Stock,2910955776,1629,NMS,NASDAQ,N,N,EQUITY
FSM,Fortuna Mining Corp.,Fortuna Mining Corp. Common Shares,2908390912,1630,NYQ,NYSE,N,N,EQUITY
UNFI,"United Natural Foods, Inc.","United Natural Foods, Inc. Common Stock",2907944704,1631,NYQ,NYSE,N,N,EQUITY
PATK,"Patrick Industries, Inc.","Patrick Industries, Inc. - Common Stock",2903213056,1632,NMS,NASDAQ,N,N,EQUITY
RGC,Regencell Bioscience Holdings Limited,Regencell Bioscience Holdings Limited - Ordinary Shares,2902649856,1633,NCM,NASDAQ,N,N,EQUITY
BTE,Baytex Energy Corp.,Baytex Energy Corp Common Shares,2899352064,1634,NYQ,NYSE,N,N,EQUITY
BGSI,Boyd Group Services Inc.,Boyd Group Services Inc. Common Shares,2892378624,1635,NYQ,NYSE,N,N,EQUITY
DCO,Ducommun Incorporated,Ducommun Incorporated Common Stock,2892203264,1636,NYQ,NYSE,N,N,EQUITY
UPST,"Upstart Holdings, Inc.","Upstart Holdings, Inc. - Common stock",2890489344,1637,NMS,NASDAQ,N,N,EQUITY
IMNM,"Immunome, Inc.","Immunome, Inc. - Common Stock",2890150144,1638,NCM,NASDAQ,N,N,EQUITY
UAA,"Under Armour, Inc.","Under Armour, Inc. Class A Common Stock",2881956352,1639,NYQ,NYSE,N,N,EQUITY
WOR,"Worthington Enterprises, Inc.","Worthington Enterprises, Inc. Common Shares",2873428992,1640,NYQ,NYSE,N,N,EQUITY
ETOR,eToro Group Ltd.,eToro Group Ltd. - Class A Common Shares,2871723264,1641,NMS,NASDAQ,N,N,EQUITY
PPTA,Perpetua Resources Corp.,Perpetua Resources Corp. - Common Shares,2868417024,1642,NCM,NASDAQ,N,N,EQUITY
ABM,ABM Industries Incorporated,ABM Industries Incorporated Common Stock,2866364672,1643,NYQ,NYSE,N,N,EQUITY
PENG,"Penguin Solutions, Inc.","Penguin Solutions, Inc. - Common Stock",2855243264,1644,NMS,NASDAQ,N,N,EQUITY
INTA,"Intapp, Inc.","Intapp, Inc. - Common Stock",2848196352,1645,NMS,NASDAQ,N,N,EQUITY
AVPT,"AvePoint, Inc.","AvePoint, Inc. - Class A Common Stock",2841030400,1646,NMS,NASDAQ,N,N,EQUITY
NESR,National Energy Services Reunited Corp.,National Energy Services Reunited Corp - Ordinary Shares,2838850304,1647,NCM,NASDAQ,N,N,EQUITY
ALHC,"Alignment Healthcare, Inc.","Alignment Healthcare, Inc. - Common Stock",2837712896,1648,NMS,NASDAQ,N,N,EQUITY
EEFT,"Euronet Worldwide, Inc.","Euronet Worldwide, Inc. - Common Stock",2827837184,1649,NMS,NASDAQ,N,N,EQUITY
TRMK,Trustmark Corporation,Trustmark Corporation - Common Stock,2825110528,1650,NMS,NASDAQ,N,N,EQUITY
HWKN,"Hawkins, Inc.","Hawkins, Inc. - Common Stock",2824194304,1651,NMS,NASDAQ,N,N,EQUITY
PTON,"Peloton Interactive, Inc.","Peloton Interactive, Inc. - Common Stock",2823107328,1652,NMS,NASDAQ,N,N,EQUITY
UA,"Under Armour, Inc.","Under Armour, Inc. Class C Common Stock",2818007552,1653,NYQ,NYSE,N,N,EQUITY
GPOR,Gulfport Energy Corporation,Gulfport Energy Corporation Common Shares,2805600000,1654,NYQ,NYSE,N,N,EQUITY
PHIN,PHINIA Inc.,PHINIA Inc. Common Stock,2803180288,1655,NYQ,NYSE,N,N,EQUITY
ALRM,"Alarm.com Holdings, Inc.","Alarm.com Holdings, Inc. - Common Stock",2802436608,1656,NMS,NASDAQ,N,N,EQUITY
SOUN,"SoundHound AI, Inc.","SoundHound AI, Inc. - Class A Common Stock",2801384960,1657,NGM,NASDAQ,N,N,EQUITY
CUBI,"Customers Bancorp, Inc.","Customers Bancorp, Inc Common Stock",2798011392,1658,NYQ,NYSE,N,N,EQUITY
DNN,Denison Mines Corp.,Denison Mines Corp Ordinary Shares (Canada),2796502272,1659,ASE,NYSE American,N,N,EQUITY
BEAM,Beam Therapeutics Inc.,Beam Therapeutics Inc. - Common Stock,2795996928,1660,NMS,NASDAQ,N,N,EQUITY
ALGT,Allegiant Travel Company,Allegiant Travel Company - Common Stock,2794991104,1661,NMS,NASDAQ,N,N,EQUITY
WAFD,"WaFd, Inc.","WaFd, Inc. - Common Stock",2789550080,1662,NMS,NASDAQ,N,N,EQUITY
MPT,"Medical Properties Trust, Inc.","Medical Properties Trust, Inc. common stock",2787145728,1663,NYQ,NYSE,N,N,EQUITY
BWIN,"The Baldwin Insurance Group, Inc.","The Baldwin Insurance Group, Inc. - Class A Common Stock",2786045952,1664,NMS,NASDAQ,N,N,EQUITY
VISN,"Vistance Networks, Inc.","Vistance Networks, Inc.  - Common Stock",2785785088,1665,NMS,NASDAQ,N,N,EQUITY
VC,Visteon Corporation,Visteon Corporation - Common Stock,2785134080,1666,NMS,NASDAQ,N,N,EQUITY
BTU,Peabody Energy Corporation,Peabody Energy Corporation Common Stock,2777815808,1667,NYQ,NYSE,N,N,EQUITY
IMAX,IMAX Corporation,Imax Corporation Common Stock,2776656128,1668,NYQ,NYSE,N,N,EQUITY
FCPT,"Four Corners Property Trust, Inc.","Four Corners Property Trust, Inc. Common Stock",2773362432,1669,NYQ,NYSE,N,N,EQUITY
NBTB,NBT Bancorp Inc.,NBT Bancorp Inc. - Common Stock,2767984640,1670,NMS,NASDAQ,N,N,EQUITY
WLY,"John Wiley & Sons, Inc.","John Wiley & Sons, Inc. Common Stock",2764408832,1671,NYQ,NYSE,N,N,EQUITY
XRAY,DENTSPLY SIRONA Inc.,DENTSPLY SIRONA Inc. - Common Stock,2760501760,1672,NMS,NASDAQ,N,N,EQUITY
DJT,Trump Media & Technology Group Corp.,Trump Media & Technology Group Corp. - Common Stock,2758460160,1673,NGM,NASDAQ,N,N,EQUITY
HOG,"Harley-Davidson, Inc.","Harley-Davidson, Inc. Common Stock",2756976896,1674,NYQ,NYSE,N,N,EQUITY
CENT,Central Garden & Pet Company,Central Garden & Pet Company - Common Stock,2756868608,1675,NMS,NASDAQ,N,N,EQUITY
WLYB,"John Wiley & Sons, Inc.","John Wiley & Sons, Inc. Common Stock",2755271936,1676,NYQ,NYSE,N,N,EQUITY
IHS,IHS Holding Limited,IHS Holding Limited Ordinary Shares,2753968896,1677,NYQ,NYSE,N,N,EQUITY
SAH,"Sonic Automotive, Inc.","Sonic Automotive, Inc. Common Stock",2744480768,1678,NYQ,NYSE,N,N,EQUITY
DGII,Digi International Inc.,Digi International Inc. - Common Stock,2742834944,1679,NMS,NASDAQ,N,N,EQUITY
SPNT,SiriusPoint Ltd.,SiriusPoint Ltd. Common Shares,2742656000,1680,NYQ,NYSE,N,N,EQUITY
KOD,Kodiak Sciences Inc.,Kodiak Sciences Inc - Common Stock,2729045760,1681,NGM,NASDAQ,N,N,EQUITY
FRME,First Merchants Corporation,First Merchants Corporation - Common Stock,2723697664,1682,NMS,NASDAQ,N,N,EQUITY
DRH,DiamondRock Hospitality Company,Diamondrock Hospitality Company - Common Stock,2723459584,1683,NMS,NASDAQ,N,N,EQUITY
HLIO,"Helios Technologies, Inc.","Helios Technologies, Inc. Common Stock",2722689536,1684,NYQ,NYSE,N,N,EQUITY
STNE,StoneCo Ltd.,StoneCo Ltd. - Class A Common Share,2716859392,1685,NMS,NASDAQ,N,N,EQUITY
ATS,ATS Corporation,ATS Corporation Common Shares,2711349504,1686,NYQ,NYSE,N,N,EQUITY
WIX,Wix.com Ltd.,Wix.com Ltd. - Ordinary Shares,2702223104,1687,NMS,NASDAQ,N,N,EQUITY
OSW,OneSpaWorld Holdings Limited,OneSpaWorld Holdings Limited - Common Shares,2700880896,1688,NCM,NASDAQ,N,N,EQUITY
BTDR,Bitdeer Technologies Group,Bitdeer Technologies Group - Ordinary Shares,2691048960,1689,NCM,NASDAQ,N,N,EQUITY
ESTA,Establishment Labs Holdings Inc.,Establishment Labs Holdings Inc. - Common Shares,2685523200,1690,NCM,NASDAQ,N,N,EQUITY
EFXT,Enerflex Ltd.,Enerflex Ltd Common Shares,2684252160,1691,NYQ,NYSE,N,N,EQUITY
FBNC,First Bancorp,First Bancorp - Common Stock,2683945728,1692,NMS,NASDAQ,N,N,EQUITY
BBT,Beacon Financial Corporation,Beacon Financial Corporation Common stock,2679424000,1693,NYQ,NYSE,N,N,EQUITY
ARX,Accelerant Holdings,Accelerant Holdings Class A Common Shares,2675148544,1694,NYQ,NYSE,N,N,EQUITY
TARS,"Tarsus Pharmaceuticals, Inc.","Tarsus Pharmaceuticals, Inc. - Common Stock",2674147328,1695,NMS,NASDAQ,N,N,EQUITY
ATAI,AtaiBeckley Inc.,AtaiBeckley Inc. - Common Stock,2671070976,1696,NGM,NASDAQ,N,N,EQUITY
IOND,Ionic Digital Inc.,Ionic Digital Inc. - Class A Common Stock,2659348480,1697,NMS,NASDAQ,N,N,EQUITY
EXK,Endeavour Silver Corp.,Endeavour Silver Corporation Ordinary Shares (Canada),2653454592,1698,NYQ,NYSE,N,N,EQUITY
DBD,"Diebold Nixdorf, Incorporated",Diebold Nixdorf Incorporated Common stock,2651907584,1699,NYQ,NYSE,N,N,EQUITY
NGVT,Ingevity Corporation,Ingevity Corporation Common Stock,2650881536,1700,NYQ,NYSE,N,N,EQUITY
TRVI,"Trevi Therapeutics, Inc.","Trevi Therapeutics, Inc. - Common Stock",2647921664,1701,NGM,NASDAQ,N,N,EQUITY
TMDX,"TransMedics Group, Inc.","TransMedics Group, Inc. - Common Stock",2643564032,1702,NGM,NASDAQ,N,N,EQUITY
GDV,The Gabelli Dividend & Income Trust,Gabelli Dividend & Income Trust Common Shares of Beneficial Interest,2639129344,1703,NYQ,NYSE,N,N,EQUITY
SYBT,"Stock Yards Bancorp, Inc.","Stock Yards Bancorp, Inc. - Common Stock",2634566400,1704,NMS,NASDAQ,N,N,EQUITY
PENN,"PENN Entertainment, Inc.","PENN Entertainment, Inc. - Common Stock",2627947776,1705,NMS,NASDAQ,N,N,EQUITY
NWL,Newell Brands Inc.,Newell Brands Inc. - Common Stock,2627803136,1706,NMS,NASDAQ,N,N,EQUITY
PAGS,PagSeguro Digital Ltd.,PagSeguro Digital Ltd. Class A Common Shares,2627481600,1707,NYQ,NYSE,N,N,EQUITY
PLSE,"Pulse Biosciences, Inc.","Pulse Biosciences, Inc - Common Stock",2623048192,1708,NCM,NASDAQ,N,N,EQUITY
FLNC,"Fluence Energy, Inc.","Fluence Energy, Inc. - Class A Common Stock",2622740992,1709,NMS,NASDAQ,N,N,EQUITY
LCID,"Lucid Group, Inc.","Lucid Group, Inc. - Common Stock",2614720512,1710,NMS,NASDAQ,N,N,EQUITY
SPSC,"SPS Commerce, Inc.","SPS Commerce, Inc. - Common Stock",2614692608,1711,NMS,NASDAQ,N,N,EQUITY
DXPE,"DXP Enterprises, Inc.","DXP Enterprises, Inc. - Common Stock",2610629376,1712,NMS,NASDAQ,N,N,EQUITY
IVT,InvenTrust Properties Corp.,InvenTrust Properties Corp. Common Stock,2610072064,1713,NYQ,NYSE,N,N,EQUITY
BUSE,First Busey Corporation,First Busey Corporation - Common Stock,2609654784,1714,NMS,NASDAQ,N,N,EQUITY
NRIX,"Nurix Therapeutics, Inc.","Nurix Therapeutics, Inc. - Common stock",2606995968,1715,NGM,NASDAQ,N,N,EQUITY
KMT,Kennametal Inc.,Kennametal Inc. Common Stock,2603337216,1716,NYQ,NYSE,N,N,EQUITY
DNOW,DNOW Inc.,DNOW Inc. Common Stock,2595803904,1717,NYQ,NYSE,N,N,EQUITY
SDRL,Seadrill Limited,Seadrill Limited Common Shares,2595016192,1718,NYQ,NYSE,N,N,EQUITY
HTO,H2O America,H2O America  - Common Stock,2587169024,1719,NMS,NASDAQ,N,N,EQUITY
TRN,"Trinity Industries, Inc.","Trinity Industries, Inc. Common Stock",2586071552,1720,NYQ,NYSE,N,N,EQUITY
AGM,Federal Agricultural Mortgage Corporation,Federal Agricultural Mortgage Corporation Common Stock,2575683840,1721,NYQ,NYSE,N,N,EQUITY
GRDN,"Guardian Pharmacy Services, Inc.","Guardian Pharmacy Services, Inc. Class A Common Stock",2564485632,1722,NYQ,NYSE,N,N,EQUITY
RDW,Redwire Corporation,Redwire Corporation Common Stock,2560207872,1723,NYQ,NYSE,N,N,EQUITY
SKWD,"Skyward Specialty Insurance Group, Inc.","Skyward Specialty Insurance Group, Inc. - Common Stock",2555834880,1724,NMS,NASDAQ,N,N,EQUITY
MBIN,Merchants Bancorp,Merchants Bancorp - Common Stock,2551859968,1725,NCM,NASDAQ,N,N,EQUITY
MAN,ManpowerGroup Inc.,ManpowerGroup Common Stock,2529534464,1726,NYQ,NYSE,N,N,EQUITY
DAC,Danaos Corporation,Danaos Corporation Common Stock,2523378432,1727,NYQ,NYSE,N,N,EQUITY
INTR,"Inter & Co, Inc.",Inter & Co. Inc. - Class A Common Shares,2520898816,1728,NMS,NASDAQ,N,N,EQUITY
BKV,BKV Corporation,BKV Corporation Common Stock,2515891968,1729,NYQ,NYSE,N,N,EQUITY
PBH,Prestige Consumer Healthcare Inc.,Prestige Consumer Healthcare Inc. Common Stock,2509777408,1730,NYQ,NYSE,N,N,EQUITY
PBI,Pitney Bowes Inc.,Pitney Bowes Inc. Common Stock,2508750592,1731,NYQ,NYSE,N,N,EQUITY
CTOS,"Custom Truck One Source, Inc.","Custom Truck One Source, Inc. Common Stock",2508583936,1732,NYQ,NYSE,N,N,EQUITY
RUN,Sunrun Inc.,Sunrun Inc. - Common Stock,2502381824,1733,NMS,NASDAQ,N,N,EQUITY
NYAX,Nayax Ltd.,Nayax Ltd. - Ordinary Shares,2498728704,1734,NMS,NASDAQ,N,N,EQUITY
UFPT,"UFP Technologies, Inc.","UFP Technologies, Inc. - Common Stock",2491758592,1735,NCM,NASDAQ,N,N,EQUITY
COTY,Coty Inc.,Coty Inc. Class A Common Stock,2491719936,1736,NYQ,NYSE,N,N,EQUITY
AAUC,Allied Gold Corporation,Allied Gold Corporation Common Shares,2490462720,1737,NYQ,NYSE,N,N,EQUITY
NEOG,Neogen Corporation,Neogen Corporation - Common Stock,2485838592,1738,NMS,NASDAQ,N,N,EQUITY
PLUS,ePlus inc.,ePlus inc. - Common Stock,2472893696,1739,NMS,NASDAQ,N,N,EQUITY
NKTR,Nektar Therapeutics,Nektar Therapeutics - Common Stock,2469421056,1740,NCM,NASDAQ,N,N,EQUITY
TDC,Teradata Corporation,Teradata Corporation Common Stock,2468242944,1741,NYQ,NYSE,N,N,EQUITY
PGNY,"Progyny, Inc.","Progyny, Inc. - Common Stock",2457286400,1742,NMS,NASDAQ,N,N,EQUITY
ICHR,"Ichor Holdings, Ltd.",Ichor Holdings - Ordinary Shares,2456622592,1743,NMS,NASDAQ,N,N,EQUITY
PGEN,"Precigen, Inc.","Precigen, Inc. - Common Stock",2456360704,1744,NMS,NASDAQ,N,N,EQUITY
BOBS,"Bob's Discount Furniture, Inc.","Bob's Discount Furniture, Inc. Common Stock",2455796736,1745,NYQ,NYSE,N,N,EQUITY
RARE,Ultragenyx Pharmaceutical Inc.,Ultragenyx Pharmaceutical Inc. - Common Stock,2455336448,1746,NMS,NASDAQ,N,N,EQUITY
NTB,The Bank of N.T. Butterfield & Son Limited,Bank of N.T. Butterfield & Son Limited (The) Voting Ordinary Shares,2450310400,1747,NYQ,NYSE,N,N,EQUITY
COHU,"Cohu, Inc.","Cohu, Inc. - Common Stock",2448817152,1748,NMS,NASDAQ,N,N,EQUITY
CMPR,Cimpress plc,Cimpress plc - Ordinary Shares,2440413696,1749,NMS,NASDAQ,N,N,EQUITY
VVX,"V2X, Inc.","V2X, Inc. Common Stock",2440339200,1750,NYQ,NYSE,N,N,EQUITY
BLBD,Blue Bird Corporation,Blue Bird Corporation - Common Stock,2434572032,1751,NGM,NASDAQ,N,N,EQUITY
AXGN,"Axogen, Inc.","Axogen, Inc. - Common Stock",2431095552,1752,NCM,NASDAQ,N,N,EQUITY
AMLX,"Amylyx Pharmaceuticals, Inc.","Amylyx Pharmaceuticals, Inc. - Common Stock",2429421056,1753,NMS,NASDAQ,N,N,EQUITY
CALX,"Calix, Inc.","Calix, Inc Common Stock",2424743168,1754,NYQ,NYSE,N,N,EQUITY
SLDE,"Slide Insurance Holdings, Inc.","Slide Insurance Holdings, Inc. - Common Stock",2422674944,1755,NMS,NASDAQ,N,N,EQUITY
EFSC,Enterprise Financial Services Corp,Enterprise Financial Services Corporation - Common Stock,2420555520,1756,NMS,NASDAQ,N,N,EQUITY
CENTA,Central Garden & Pet Company,Central Garden & Pet Company - Class A Common Stock Nonvoting,2412103424,1757,NMS,NASDAQ,N,N,EQUITY
DRVN,Driven Brands Holdings Inc.,Driven Brands Holdings Inc. - Common Stock,2410006528,1758,NMS,NASDAQ,N,N,EQUITY
PAYO,Payoneer Global Inc.,Payoneer Global Inc. - Common Stock,2407944192,1759,NGM,NASDAQ,N,N,EQUITY
BANR,Banner Corporation,Banner Corporation - Common Stock,2400693760,1760,NMS,NASDAQ,N,N,EQUITY
MTX,Minerals Technologies Inc.,Minerals Technologies Inc. Common Stock,2399716096,1761,NYQ,NYSE,N,N,EQUITY
JBLU,JetBlue Airways Corporation,JetBlue Airways Corporation - Common Stock,2399705600,1762,NMS,NASDAQ,N,N,EQUITY
SVM,Silvercorp Metals Inc.,Silvercorp Metals Inc. Common Shares,2393411328,1763,ASE,NYSE American,N,N,EQUITY
AMC,"AMC Entertainment Holdings, Inc.","AMC Entertainment Holdings, Inc. Class A Common Stock",2383254272,1764,NYQ,NYSE,N,N,EQUITY
HURN,Huron Consulting Group Inc.,Huron Consulting Group Inc. - Common Stock,2381419520,1765,NMS,NASDAQ,N,N,EQUITY
ANDE,"The Andersons, Inc.","The Andersons, Inc. - Common Stock",2375270400,1766,NMS,NASDAQ,N,N,EQUITY
KEEL,Keel Infrastructure Corp.,Keel Infrastructure Corp. - Common Stock,2373046784,1767,NGM,NASDAQ,N,N,EQUITY
DEI,"Douglas Emmett, Inc.","Douglas Emmett, Inc. Common Stock",2372750848,1768,NYQ,NYSE,N,N,EQUITY
INFQ,"Infleqtion, Inc.","Infleqtion, Inc. Common Stock",2367436288,1769,NYQ,NYSE,N,N,EQUITY
MLYS,"Mineralys Therapeutics, Inc.","Mineralys Therapeutics, Inc. - Common Stock",2367055104,1770,NMS,NASDAQ,N,N,EQUITY
TALO,Talos Energy Inc.,"Talos Energy, Inc. Common Stock",2367008256,1771,NYQ,NYSE,N,N,EQUITY
ECO,Okeanis Eco Tankers Corp.,Okeanis Eco Tankers Corp. Common Stock,2366886912,1772,NYQ,NYSE,N,N,EQUITY
ROG,Rogers Corporation,Rogers Corporation Common Stock,2361836544,1773,NYQ,NYSE,N,N,EQUITY
HAPN,"Happen, Inc.","Happen, Inc. - Common Stock",2356620544,1774,NMS,NASDAQ,N,N,EQUITY
KLRA,"Kailera Therapeutics, Inc.","Kailera Therapeutics, Inc. - Common stock",2354207232,1775,NMS,NASDAQ,N,N,EQUITY
ARR,"ARMOUR Residential REIT, Inc.","ARMOUR Residential REIT, Inc.",2354027008,1776,NYQ,NYSE,N,N,EQUITY
CDNA,"CareDx, Inc.","CareDx, Inc. - Common Stock",2353907200,1777,NGM,NASDAQ,N,N,EQUITY
BHC,Bausch Health Companies Inc.,Bausch Health Companies Inc. Common Stock,2352400640,1778,NYQ,NYSE,N,N,EQUITY
UNIT,Uniti Group Inc.,Uniti Group Inc. - Common Stock,2352006400,1779,NMS,NASDAQ,N,N,EQUITY
BXMT,"Blackstone Mortgage Trust, Inc.","Blackstone Mortgage Trust, Inc. Common Stock",2349497600,1780,NYQ,NYSE,N,N,EQUITY
HTFL,"Heartflow, Inc.","Heartflow, Inc. - Common Stock",2343163392,1781,NMS,NASDAQ,N,N,EQUITY
BKE,"The Buckle, Inc.","Buckle, Inc. (The) Common Stock",2339951360,1782,NYQ,NYSE,N,N,EQUITY
COAG,"Hemab Therapeutics Holdings, Inc.","Hemab Therapeutics Holdings, Inc. - Common Stock",2339473920,1783,NMS,NASDAQ,N,N,EQUITY
NWBI,"Northwest Bancshares, Inc.","Northwest Bancshares, Inc. - Common Stock",2336488448,1784,NMS,NASDAQ,N,N,EQUITY
PHVS,Pharvaris N.V.,Pharvaris N.V. - Ordinary Shares,2335380480,1785,NMS,NASDAQ,N,N,EQUITY
UTI,"Universal Technical Institute, Inc.",Universal Technical Institute Inc Common Stock,2332950528,1786,NYQ,NYSE,N,N,EQUITY
SLS,"SELLAS Life Sciences Group, Inc.","SELLAS Life Sciences Group, Inc.  - Common Stock",2332062208,1787,NCM,NASDAQ,N,N,EQUITY
VRDN,"Viridian Therapeutics, Inc.","Viridian Therapeutics, Inc.  - Common Stock",2326711296,1788,NCM,NASDAQ,N,N,EQUITY
VCEL,Vericel Corporation,Vericel Corporation - Common Stock,2322732032,1789,NGM,NASDAQ,N,N,EQUITY
SSMR,Sunshine Silver Mining & Refining Company,Sunshine Silver Mining & Refining Company Common Stock,2316872960,1790,NYQ,NYSE,N,N,EQUITY
BCRX,"BioCryst Pharmaceuticals, Inc.","BioCryst Pharmaceuticals, Inc. - Common Stock",2305255168,1791,NMS,NASDAQ,N,N,EQUITY
HAWK,"HawkEye 360, Inc.","HawkEye 360, Inc. Common Stock",2304998144,1792,NYQ,NYSE,N,N,EQUITY
PLPC,Preformed Line Products Company,Preformed Line Products Company - Common Stock,2303995904,1793,NMS,NASDAQ,N,N,EQUITY
FLYW,Flywire Corporation,Flywire Corporation - Voting Common Stock,2301743360,1794,NMS,NASDAQ,N,N,EQUITY
RAMP,"LiveRamp Holdings, Inc.","LiveRamp Holdings, Inc. Common Stock",2297722624,1795,NYQ,NYSE,N,N,EQUITY
RVT,"Royce Small-Cap Trust, Inc.","Royce Small-Cap Trust, Inc. Common Stock",2286979584,1796,NYQ,NYSE,N,N,EQUITY
HYMC,Hycroft Mining Holding Corporation,Hycroft Mining Holding Corporation - Class A Common Stock,2281087488,1797,NCM,NASDAQ,N,N,EQUITY
LIME,"Neutron Holdings, Inc.","Neutron Holdings, Inc. - Common Stock",2279323136,1798,NMS,NASDAQ,N,N,EQUITY
HCI,"HCI Group, Inc.","HCI Group, Inc. Common Stock",2278135296,1799,NYQ,NYSE,N,N,EQUITY
WERN,"Werner Enterprises, Inc.","Werner Enterprises, Inc. - Common Stock",2268336128,1800,NMS,NASDAQ,N,N,EQUITY
FIVN,"Five9, Inc.","Five9, Inc. - Common Stock",2266294016,1801,NGM,NASDAQ,N,N,EQUITY
INOD,Innodata Inc.,Innodata Inc. - Common Stock,2265302272,1802,NGM,NASDAQ,N,N,EQUITY
IOSP,Innospec Inc.,Innospec Inc. - Common Stock,2265071104,1803,NMS,NASDAQ,N,N,EQUITY
WU,The Western Union Company,Western Union Company (The) Common Stock,2264241408,1804,NYQ,NYSE,N,N,EQUITY
URGN,UroGen Pharma Ltd.,UroGen Pharma Ltd. - Ordinary Shares,2262148608,1805,NGM,NASDAQ,N,N,EQUITY
PLBL,Polibeli Group Ltd,Polibeli Group Ltd - Class A Ordinary Shares,2256946688,1806,NGM,NASDAQ,N,N,EQUITY
GRC,The Gorman-Rupp Company,Gorman-Rupp Company (The) Common Stock,2250681088,1807,NYQ,NYSE,N,N,EQUITY
OFG,OFG Bancorp,OFG Bancorp Common Stock,2245539584,1808,NYQ,NYSE,N,N,EQUITY
LUNR,"Intuitive Machines, Inc.","Intuitive Machines, Inc. - Class A Common Stock",2244727808,1809,NGM,NASDAQ,N,N,EQUITY
CTRI,"Centuri Holdings, Inc.","Centuri Holdings, Inc. Common Stock",2243777536,1810,NYQ,NYSE,N,N,EQUITY
TMC,TMC the metals company Inc.,TMC the metals company Inc. - Common Stock,2242848768,1811,NMS,NASDAQ,N,N,EQUITY
BFLY,"Butterfly Network, Inc.","Butterfly Network, Inc. Class A Common Stock",2242121216,1812,NYQ,NYSE,N,N,EQUITY
MH,"McGraw Hill, Inc.","McGraw Hill, Inc. Common Stock",2232192768,1813,NYQ,NYSE,N,N,EQUITY
KSS,Kohl's Corporation,Kohl's Corporation Common Stock,2229443840,1814,NYQ,NYSE,N,N,EQUITY
GENI,Genius Sports Limited,Genius Sports Limited Ordinary Shares,2226933504,1815,NYQ,NYSE,N,N,EQUITY
SIND,Sinda Ltd.,Sinda Ltd. Common Stock,2223548672,1816,NYQ,NYSE,N,N,EQUITY
PVLA,"Palvella Therapeutics, Inc.","Palvella Therapeutics, Inc. - Common Stock",2221850112,1817,NGM,NASDAQ,N,N,EQUITY
ATEN,"A10 Networks, Inc.","A10 Networks, Inc. Common Stock",2220423680,1818,NYQ,NYSE,N,N,EQUITY
NUVB,Nuvation Bio Inc.,Nuvation Bio Inc. Class A Common Stock,2218046720,1819,NYQ,NYSE,N,N,EQUITY
DHC,Diversified Healthcare Trust,Diversified Healthcare Trust  - Common Shares of Beneficial Interest,2217699328,1820,NMS,NASDAQ,N,N,EQUITY
HRMY,"Harmony Biosciences Holdings, Inc.","Harmony Biosciences Holdings, Inc. - Common Stock",2213816064,1821,NGM,NASDAQ,N,N,EQUITY
APPN,Appian Corporation,Appian Corporation - Class A Common Stock,2199427072,1822,NGM,NASDAQ,N,N,EQUITY
BLX,Bladex Inc.,"Bladex, Inc. Class E Common Stock",2198816256,1823,NYQ,NYSE,N,N,EQUITY
CC,The Chemours Company,Chemours Company (The) Common Stock,2194010880,1824,NYQ,NYSE,N,N,EQUITY
FCF,First Commonwealth Financial Corporation,First Commonwealth Financial Corporation Common Stock,2191881216,1825,NYQ,NYSE,N,N,EQUITY
PLGO,Pelagos Insurance Capital Limit,Pelagos Insurance Capital Limited Common Shares,2184442112,1826,NYQ,NYSE,N,N,EQUITY
MCRI,"Monarch Casino & Resort, Inc.","Monarch Casino & Resort, Inc. - Common Stock",2180633088,1827,NMS,NASDAQ,N,N,EQUITY
CLOV,"Clover Health Investments, Corp.","Clover Health Investments, Corp.  - Class A Common stock",2180473088,1828,NMS,NASDAQ,N,N,EQUITY
VERA,"Vera Therapeutics, Inc.","Vera Therapeutics, Inc. - Class A Common Stock",2178611200,1829,NGM,NASDAQ,N,N,EQUITY
SHO,"Sunstone Hotel Investors, Inc.","Sunstone Hotel Investors, Inc. Sunstone Hotel Investors, Inc. Common Shares",2175881984,1830,NYQ,NYSE,N,N,EQUITY
ADUS,Addus HomeCare Corporation,Addus HomeCare Corporation - Common Stock,2173699840,1831,NMS,NASDAQ,N,N,EQUITY
HE,"Hawaiian Electric Industries, Inc.","Hawaiian Electric Industries, Inc. Common Stock",2173482496,1832,NYQ,NYSE,N,N,EQUITY
PRKS,United Parks & Resorts Inc.,United Parks & Resorts Inc. Common Stock,2171062528,1833,NYQ,NYSE,N,N,EQUITY
CNXN,"PC Connection, Inc.","PC Connection, Inc. - Common Stock",2169467136,1834,NMS,NASDAQ,N,N,EQUITY
SRCE,1st Source Corporation,1st Source Corporation - Common Stock,2165959424,1835,NMS,NASDAQ,N,N,EQUITY
CCU,Compañía Cervecerías Unidas S.A.,"Compania Cervecerias Unidas, S.A. Common Stock",2164278784,1836,NYQ,NYSE,N,N,EQUITY
STGW,Stagwell Inc.,Stagwell Inc. - Class A Common Stock,2163607808,1837,NMS,NASDAQ,N,N,EQUITY
PRLB,"Proto Labs, Inc.","Proto Labs, Inc. Common stock",2160386304,1838,NYQ,NYSE,N,N,EQUITY
NOG,"Northern Oil and Gas, Inc.","Northern Oil and Gas, Inc. Common Stock",2150662656,1839,NYQ,NYSE,N,N,EQUITY
PEB,Pebblebrook Hotel Trust,Pebblebrook Hotel Trust Common Shares of Beneficial Interest,2146705664,1840,NYQ,NYSE,N,N,EQUITY
ADMA,"ADMA Biologics, Inc.",ADMA Biologics Inc - Common Stock,2146215424,1841,NGM,NASDAQ,N,N,EQUITY
SION,"Sionna Therapeutics, Inc.","Sionna Therapeutics, Inc. - Common Stock",2137416576,1842,NGM,NASDAQ,N,N,EQUITY
MD,"Pediatrix Medical Group, Inc.","Pediatrix Medical Group, Inc. Common Stock",2134348416,1843,NYQ,NYSE,N,N,EQUITY
OLN,Olin Corporation,Olin Corporation Common Stock,2133752064,1844,NYQ,NYSE,N,N,EQUITY
MBLY,Mobileye Global Inc.,Mobileye Global Inc. - Class A Common Stock,2132945408,1845,NMS,NASDAQ,N,N,EQUITY
INVX,"Innovex International, Inc.","Innovex International, Inc. Common Stock",2125332736,1846,NYQ,NYSE,N,N,EQUITY
TGLS,Tecnoglass Holdings Inc.,Tecnoglass Holdings Inc. Common Stock,2118419968,1847,NYQ,NYSE,N,N,EQUITY
MFP,"Midera Food Processing, Inc.","Midera Food Processing, Inc. - Common Stock",2110164736,1848,NMS,NASDAQ,N,N,EQUITY
NCNO,"nCino, Inc.","nCino, Inc. - Common Stock",2106703232,1849,NMS,NASDAQ,N,N,EQUITY
HMN,Horace Mann Educators Corporation,Horace Mann Educators Corporation Common Stock,2103858944,1850,NYQ,NYSE,N,N,EQUITY
EVCM,EverCommerce Inc.,EverCommerce Inc. - Common Stock,2096865920,1851,NMS,NASDAQ,N,N,EQUITY
BLKB,"Blackbaud, Inc.","Blackbaud, Inc. - Common Stock",2082951424,1852,NMS,NASDAQ,N,N,EQUITY
SPB,"Spectrum Brands Holdings, Inc.","Spectrum Brands Holdings, Inc. Common Stock",2080411648,1853,NYQ,NYSE,N,N,EQUITY
NWN,Northwest Natural Holding Company,Northwest Natural Holding Company Common Stock,2076244608,1854,NYQ,NYSE,N,N,EQUITY
GTY,Getty Realty Corp.,Getty Realty Corporation Common Stock,2075984128,1855,NYQ,NYSE,N,N,EQUITY
BRSL,Brightstar Lottery PLC,"Brightstar Lottery PLC Trading under the Legal Name to begin at the market open on July 21, 2025. Ordinary Shares",2075673856,1856,NYQ,NYSE,N,N,EQUITY
WGS,GeneDx Holdings Corp.,GeneDx Holdings Corp. - Class A Common Stock,2075490176,1857,NMS,NASDAQ,N,N,EQUITY
STC,Stewart Information Services Corporation,Stewart Information Services Corporation Common Stock,2073036032,1858,NYQ,NYSE,N,N,EQUITY
PRDO,Perdoceo Education Corporation,Perdoceo Education Corporation - Common Stock,2071084416,1859,NMS,NASDAQ,N,N,EQUITY
PDFS,"PDF Solutions, Inc.","PDF Solutions, Inc. - Common Stock",2070777344,1860,NMS,NASDAQ,N,N,EQUITY
NTST,NETSTREIT Corp.,NetSTREIT Corp. Common Stock,2065778688,1861,NYQ,NYSE,N,N,EQUITY
SEDG,"SolarEdge Technologies, Inc.","SolarEdge Technologies, Inc. - Common Stock",2061737088,1862,NMS,NASDAQ,N,N,EQUITY
VOYG,"Voyager Technologies, Inc.","Voyager Technologies, Inc. Class A Common Stock",2058174336,1863,NYQ,NYSE,N,N,EQUITY
CHCO,City Holding Company,City Holding Company - Common Stock,2057690368,1864,NMS,NASDAQ,N,N,EQUITY
BHVN,Biohaven Ltd.,Biohaven Ltd. Common Shares,2052146304,1865,NYQ,NYSE,N,N,EQUITY
SHAZ,SharonAI Holdings Inc.,"SharonAI Holdings, Inc. - Class A Common Stock",2049290112,1866,NCM,NASDAQ,N,N,EQUITY
ASAN,"Asana, Inc.","Asana, Inc. Class A Common Stock",2046927232,1867,NYQ,NYSE,N,N,EQUITY
TILE,"Interface, Inc.","Interface, Inc. - Common Stock",2042997376,1868,NMS,NASDAQ,N,N,EQUITY
ALG,Alamo Group Inc.,"Alamo Group, Inc. Common Stock",2041604608,1869,NYQ,NYSE,N,N,EQUITY
KARO,Karooooo Ltd.,Karooooo Ltd. - Ordinary shares,2036177536,1870,NCM,NASDAQ,N,N,EQUITY
AVAH,Aveanna Healthcare Holdings Inc.,Aveanna Healthcare Holdings Inc. - Common Stock,2031655936,1871,NMS,NASDAQ,N,N,EQUITY
RAPP,"Rapport Therapeutics, Inc.","Rapport Therapeutics, Inc. - Common Stock",2029774720,1872,NGM,NASDAQ,N,N,EQUITY
CCS,"Century Communities, Inc.","Century Communities, Inc. Common Stock",2025844096,1873,NYQ,NYSE,N,N,EQUITY
LOB,"Live Oak Bancshares, Inc.","Live Oak Bancshares, Inc. Common Stock",2025371136,1874,NYQ,NYSE,N,N,EQUITY
XHR,"Xenia Hotels & Resorts, Inc.","Xenia Hotels & Resorts, Inc. Common Stock",2024072576,1875,NYQ,NYSE,N,N,EQUITY
NN,NextNav Inc.,NextNav Inc. - Common stock,2022677632,1876,NCM,NASDAQ,N,N,EQUITY
NEO,"NeoGenomics, Inc.","NeoGenomics, Inc. - Common Stock",2020918656,1877,NCM,NASDAQ,N,N,EQUITY
ALKT,"Alkami Technology, Inc.","Alkami Technology, Inc. - Common Stock",2011578624,1878,NMS,NASDAQ,N,N,EQUITY
ZBIO,"Zenas BioPharma, Inc.","Zenas BioPharma, Inc. - Common Stock",2011429376,1879,NMS,NASDAQ,N,N,EQUITY
SGRY,"Surgery Partners, Inc.","Surgery Partners, Inc. - Common Stock",2003674624,1880,NMS,NASDAQ,N,N,EQUITY
QUBT,Quantum Computing Inc.,Quantum Computing Inc. - Common Stock,2002750720,1881,NCM,NASDAQ,N,N,EQUITY
ATRC,"AtriCure, Inc.","AtriCure, Inc. - Common Stock",2001080064,1882,NGM,NASDAQ,N,N,EQUITY
GHRS,GH Research PLC,GH Research PLC - Ordinary Shares,1998577792,1883,NGM,NASDAQ,N,N,EQUITY
GT,The Goodyear Tire & Rubber Company,The Goodyear Tire & Rubber Company - Common Stock,1994824064,1884,NMS,NASDAQ,N,N,EQUITY
STOK,"Stoke Therapeutics, Inc.","Stoke Therapeutics, Inc. - Common Stock",1988653312,1885,NMS,NASDAQ,N,N,EQUITY
ECPG,"Encore Capital Group, Inc.",Encore Capital Group Inc - Common Stock,1987311872,1886,NMS,NASDAQ,N,N,EQUITY
LTC,"LTC Properties, Inc.","LTC Properties, Inc. Common Stock",1981746048,1887,NYQ,NYSE,N,N,EQUITY
WKC,World Kinect Corporation,World Kinect Corporation Common Stock,1967291264,1888,NYQ,NYSE,N,N,EQUITY
RBCAA,"Republic Bancorp, Inc.","Republic Bancorp, Inc. - Class A Common Stock",1967265920,1889,NMS,NASDAQ,N,N,EQUITY
FSUN,FirstSun Capital Bancorp,FirstSun Capital Bancorp - Common Stock,1965254912,1890,NMS,NASDAQ,N,N,EQUITY
ALMR,"Alamar Biosciences, Inc.","Alamar Biosciences, Inc. - Class A common stock",1964972032,1891,NMS,NASDAQ,N,N,EQUITY
AUPH,Aurinia Pharmaceuticals Inc.,Aurinia Pharmaceuticals Inc - Common Shares,1953459328,1892,NGM,NASDAQ,N,N,EQUITY
NSP,"Insperity, Inc.","Insperity, Inc. Common Stock",1952542208,1893,NYQ,NYSE,N,N,EQUITY
ZD,"Ziff Davis, Inc.","Ziff Davis, Inc. - Common Stock",1941962368,1894,NMS,NASDAQ,N,N,EQUITY
WS,"Worthington Steel, Inc.","Worthington Steel, Inc. Common Shares",1940614784,1895,NYQ,NYSE,N,N,EQUITY
ATEX,Anterix Inc.,Anterix Inc. - Common Stock,1938343168,1896,NCM,NASDAQ,N,N,EQUITY
IOVA,"Iovance Biotherapeutics, Inc.","Iovance Biotherapeutics, Inc. - Common Stock",1937820544,1897,NGM,NASDAQ,N,N,EQUITY
EVTC,"EVERTEC, Inc.","Evertec, Inc. Common Stock",1929332992,1898,NYQ,NYSE,N,N,EQUITY
NBHC,National Bank Holdings Corporation,National Bank Holdings Corporation Common Stock,1925811072,1899,NYQ,NYSE,N,N,EQUITY
SAM,"The Boston Beer Company, Inc.","Boston Beer Company, Inc. (The) Common Stock",1924299904,1900,NYQ,NYSE,N,N,EQUITY
GABC,"German American Bancorp, Inc.","German American Bancorp, Inc. - Common Stock",1917917440,1901,NMS,NASDAQ,N,N,EQUITY
FUN,Six Flags Entertainment Corporation,Six Flags Entertainment Corporation Common Stock New,1916323968,1902,NYQ,NYSE,N,N,EQUITY
VERX,"Vertex, Inc.","Vertex, Inc. - Class A Common Stock",1909439744,1903,NGM,NASDAQ,N,N,EQUITY
CTS,CTS Corporation,CTS Corporation Common Stock,1906982784,1904,NYQ,NYSE,N,N,EQUITY
EPAC,Enerpac Tool Group Corp.,Enerpac Tool Group Corp. Common Stock,1905550976,1905,NYQ,NYSE,N,N,EQUITY
STRA,"Strategic Education, Inc.","Strategic Education, Inc. - Common Stock",1899351552,1906,NMS,NASDAQ,N,N,EQUITY
DMRA,"Damora Therapeutics, Inc.","Damora Therapeutics, Inc. - Ordinary Shares",1897684864,1907,NCM,NASDAQ,N,N,EQUITY
TY,Tri-Continental Corporation,Tri Continental Corporation Common Stock,1895108352,1908,NYQ,NYSE,N,N,EQUITY
AGIO,"Agios Pharmaceuticals, Inc.","Agios Pharmaceuticals, Inc. - Common Stock",1893743616,1909,NMS,NASDAQ,N,N,EQUITY
CASH,"Pathward Financial, Inc.","Pathward Financial, Inc. - Common Stock",1889136896,1910,NMS,NASDAQ,N,N,EQUITY
SNDA,"Sonida Senior Living, Inc.","Sonida Senior Living, Inc. Common Stock",1885801472,1911,NYQ,NYSE,N,N,EQUITY
PLAB,"Photronics, Inc.","Photronics, Inc. - Common Stock",1885069312,1912,NMS,NASDAQ,N,N,EQUITY
SONO,"Sonos, Inc.","Sonos, Inc. - Common Stock",1883240064,1913,NMS,NASDAQ,N,N,EQUITY
RLJ,RLJ Lodging Trust,RLJ Lodging Trust Common Shares of Beneficial Interest $0.01 par value,1881283072,1914,NYQ,NYSE,N,N,EQUITY
SMA,"SmartStop Self Storage REIT, Inc.","SmartStop Self Storage REIT, Inc. Common Stock",1874115200,1915,NYQ,NYSE,N,N,EQUITY
NVCR,NovoCure Limited,NovoCure Limited - Ordinary Shares,1868955648,1916,NMS,NASDAQ,N,N,EQUITY
TFIN,"Triumph Financial, Inc.","Triumph Financial, Inc. Common Stock",1866402176,1917,NYQ,NYSE,N,N,EQUITY
NEXA,Nexa Resources S.A.,Nexa Resources S.A. Common Shares,1860762496,1918,NYQ,NYSE,N,N,EQUITY
TCBK,TriCo Bancshares,TriCo Bancshares - Common Stock,1857663488,1919,NMS,NASDAQ,N,N,EQUITY
GENB,"Generate Biomedicines, Inc.","Generate Biomedicines, Inc. - Common Stock",1857508992,1920,NMS,NASDAQ,N,N,EQUITY
TSHA,"Taysha Gene Therapies, Inc.","Taysha Gene Therapies, Inc. - Common Stock",1856352256,1921,NMS,NASDAQ,N,N,EQUITY
AGM-A,Federal Agricultural Mortgage Corporation,Federal Agricultural Mortgage Corporation Common Stock,1855790464,1922,NYQ,NYSE,N,N,EQUITY
STBA,"S&T Bancorp, Inc.","S&T Bancorp, Inc. - Common Stock",1854935552,1923,NMS,NASDAQ,N,N,EQUITY
AMR,"Alpha Metallurgical Resources, Inc.","Alpha Metallurgical Resources, Inc. Common Stock",1853604480,1924,NYQ,NYSE,N,N,EQUITY
WMK,"Weis Markets, Inc.","Weis Markets, Inc. Common Stock",1847431680,1925,NYQ,NYSE,N,N,EQUITY
EYE,"National Vision Holdings, Inc.","National Vision Holdings, Inc. - Common Stock",1845086848,1926,NMS,NASDAQ,N,N,EQUITY
LPG,Dorian LPG Ltd.,Dorian LPG Ltd. Common Stock,1841794304,1927,NYQ,NYSE,N,N,EQUITY
VSTS,Vestis Corporation,Vestis Corporation Common Stock,1840223744,1928,NYQ,NYSE,N,N,EQUITY
DV,"DoubleVerify Holdings, Inc.","DoubleVerify Holdings, Inc. Common Stock",1840035584,1929,NYQ,NYSE,N,N,EQUITY
CPRI,Capri Holdings Limited,Capri Holdings Limited Ordinary Shares,1839033600,1930,NYQ,NYSE,N,N,EQUITY
PRGO,Perrigo Company plc,Perrigo Company plc Ordinary Shares,1836140416,1931,NYQ,NYSE,N,N,EQUITY
CYD,China Yuchai International Limited,China Yuchai International Limited Common Stock,1835396352,1932,NYQ,NYSE,N,N,EQUITY
DCOM,"Dime Commercial Bancshares, Inc.","Dime Commercial Bancshares, Inc. Common Stock",1833823360,1933,NYQ,NYSE,N,N,EQUITY
XPRO,Expro Ltd,Expro Ltd Ordinary Shares,1833538176,1934,NYQ,NYSE,N,N,EQUITY
EZPW,"EZCORP, Inc.","EZCORP, Inc. - Class A Non-Voting Common Stock",1832541440,1935,NMS,NASDAQ,N,N,EQUITY
ULCC,"Frontier Group Holdings, Inc.","Frontier Group Holdings, Inc. - Common Stock",1831366528,1936,NMS,NASDAQ,N,N,EQUITY
PAX,Patria Investments Limited,Patria Investments Limited - Class A Common Shares,1830206208,1937,NMS,NASDAQ,N,N,EQUITY
PRG,"PROG Holdings, Inc.","PROG Holdings, Inc. Common Stock",1826280320,1938,NYQ,NYSE,N,N,EQUITY
FIGS,"FIGS, Inc.","FIGS, Inc. Class A Common Stock",1824155904,1939,NYQ,NYSE,N,N,EQUITY
HOPE,"Hope Bancorp, Inc.","Hope Bancorp, Inc. - Common Stock",1822876160,1940,NMS,NASDAQ,N,N,EQUITY
GNL,"Global Net Lease, Inc.","Global Net Lease, Inc. Common Stock",1819595904,1941,NYQ,NYSE,N,N,EQUITY
PGY,Pagaya Technologies Ltd.,Pagaya Technologies Ltd. - Class A Ordinary Shares,1818683264,1942,NCM,NASDAQ,N,N,EQUITY
VIA,"Via Transportation, Inc.","Via Transportation, Inc. Class A Common Stock",1818634368,1943,NYQ,NYSE,N,N,EQUITY
ANIP,"ANI Pharmaceuticals, Inc.","ANI Pharmaceuticals, Inc. - Common Stock",1816041216,1944,NGM,NASDAQ,N,N,EQUITY
FTRE,Fortrea Holdings Inc.,Fortrea Holdings Inc. - Common Stock,1811654912,1945,NMS,NASDAQ,N,N,EQUITY
RVLV,"Revolve Group, Inc.","Revolve Group, Inc. Class A Common Stock",1810355200,1946,NYQ,NYSE,N,N,EQUITY
KARD,"Kardigan, Inc.","Kardigan, Inc. - Common Stock",1809117184,1947,NGM,NASDAQ,N,N,EQUITY
HLMN,Hillman Solutions Corp.,Hillman Solutions Corp. - Common Stock,1809052544,1948,NGM,NASDAQ,N,N,EQUITY
TIC,"TIC Solutions, Inc.","TIC Solutions, Inc. Common Stock",1808128640,1949,NYQ,NYSE,N,N,EQUITY
ABCL,AbCellera Biologics Inc.,AbCellera Biologics Inc. - Common Shares,1807822336,1950,NMS,NASDAQ,N,N,EQUITY
LMAT,"LeMaitre Vascular, Inc.","LeMaitre Vascular, Inc. - Common Stock",1805208448,1951,NGM,NASDAQ,N,N,EQUITY
AGL,"agilon health, inc.","agilon health, inc. Common Stock",1799346304,1952,NYQ,NYSE,N,N,EQUITY
BY,"Byline Bancorp, Inc.","Byline Bancorp, Inc. Common Stock",1794573952,1953,NYQ,NYSE,N,N,EQUITY
AAT,"American Assets Trust, Inc.","American Assets Trust, Inc. Common Stock",1789596928,1954,NYQ,NYSE,N,N,EQUITY
PRCH,"Porch Group, Inc.","Porch Group, Inc. - Common Stock",1789072768,1955,NCM,NASDAQ,N,N,EQUITY
BL,"BlackLine, Inc.","BlackLine, Inc. - Common Stock",1787398016,1956,NMS,NASDAQ,N,N,EQUITY
HUN,Huntsman Corporation,Huntsman Corporation Common Stock,1778339328,1957,NYQ,NYSE,N,N,EQUITY
GAB,The Gabelli Equity Trust Inc.,"Gabelli Equity Trust, Inc. (The) Common Stock",1776933248,1958,NYQ,NYSE,N,N,EQUITY
DXC,DXC Technology Company,DXC Technology Company Common Stock,1776738944,1959,NYQ,NYSE,N,N,EQUITY
ASTH,"Astrana Health, Inc.",Astrana Health Inc. - Common Stock,1776573824,1960,NCM,NASDAQ,N,N,EQUITY
CMRE,Costamare Inc.,Costamare Inc. Common Stock $0.0001 par value,1773646464,1961,NYQ,NYSE,N,N,EQUITY
SNDX,"Syndax Pharmaceuticals, Inc.","Syndax Pharmaceuticals, Inc. - Common Stock",1765111680,1962,NMS,NASDAQ,N,N,EQUITY
WD,"Walker & Dunlop, Inc.","Walker & Dunlop, Inc Common Stock",1764282368,1963,NYQ,NYSE,N,N,EQUITY
CBL,"CBL & Associates Properties, Inc.","CBL & Associates Properties, Inc. Common Stock",1753639424,1964,NYQ,NYSE,N,N,EQUITY
MQ,"Marqeta, Inc.","Marqeta, Inc. - Class A Common Stock",1752666112,1965,NMS,NASDAQ,N,N,EQUITY
AIN,Albany International Corp.,Albany International Corporation Common Stock,1752620416,1966,NYQ,NYSE,N,N,EQUITY
SEPN,"Septerna, Inc.","Septerna, Inc. - Common Stock",1747127552,1967,NGM,NASDAQ,N,N,EQUITY
ENOV,Enovis Corporation,Enovis Corporation Common Stock,1737239424,1968,NYQ,NYSE,N,N,EQUITY
INSP,"Inspire Medical Systems, Inc.","Inspire Medical Systems, Inc. Common Stock",1737224448,1969,NYQ,NYSE,N,N,EQUITY
PRGS,Progress Software Corporation,Progress Software Corporation - Common Stock,1732796928,1970,NMS,NASDAQ,N,N,EQUITY
PICS,PicS N.V.,PicS N.V. - Class A Common Shares,1732585472,1971,NMS,NASDAQ,N,N,EQUITY
BFC,Bank First Corporation,Bank First Corporation - Common Stock,1732109184,1972,NCM,NASDAQ,N,N,EQUITY
ARLO,"Arlo Technologies, Inc.","Arlo Technologies, Inc. Common Stock",1730154368,1973,NYQ,NYSE,N,N,EQUITY
ZYME,Zymeworks Inc.,Zymeworks Inc. - Common Stock,1728987648,1974,NMS,NASDAQ,N,N,EQUITY
YSS,"York Space Systems, Inc.",York Space Systems Inc. Common Stock,1727884032,1975,NYQ,NYSE,N,N,EQUITY
OCFC,OceanFirst Financial Corp.,OceanFirst Financial Corp. - Common Stock,1726247936,1976,NMS,NASDAQ,N,N,EQUITY
GCT,GigaCloud Technology Inc.,GigaCloud Technology Inc - Class A Ordinary Shares,1724246784,1977,NGM,NASDAQ,N,N,EQUITY
QCRH,"QCR Holdings, Inc.","QCR Holdings, Inc. - Common Stock",1724128000,1978,NGM,NASDAQ,N,N,EQUITY
TSLX,"Sixth Street Specialty Lending, Inc.","Sixth Street Specialty Lending, Inc. Common Stock",1717954304,1979,NYQ,NYSE,N,N,EQUITY
NEXT,NextDecade Corporation,NextDecade Corporation - Common Stock,1708910592,1980,NCM,NASDAQ,N,N,EQUITY
RUM,RUM Group Inc.,RUM Group Inc. - Class A Common Stock,1706855040,1981,NGM,NASDAQ,N,N,EQUITY
BCAX,Bicara Therapeutics Inc.,Bicara Therapeutics Inc. - Common Stock,1701073024,1982,NGM,NASDAQ,N,N,EQUITY
EMAT,Evolution Metals & Technologies Corp.,Evolution Metals & Technologies Corp. - Common Stock,1697488512,1983,NGM,NASDAQ,N,N,EQUITY
IIPR,"Innovative Industrial Properties, Inc.","Innovative Industrial Properties, Inc. Common Stock",1695358848,1984,NYQ,NYSE,N,N,EQUITY
OBK,"Origin Bancorp, Inc.","Origin Bancorp, Inc. Common Stock",1691835776,1985,NYQ,NYSE,N,N,EQUITY
OMCL,"Omnicell, Inc.","Omnicell, Inc. - Common Stock",1690450944,1986,NMS,NASDAQ,N,N,EQUITY
FCEL,"FuelCell Energy, Inc.","FuelCell Energy, Inc. - Common Stock",1690231552,1987,NGM,NASDAQ,N,N,EQUITY
LILA,Liberty Latin America Ltd.,Liberty Latin America Ltd. - Class A Common Stock,1687731968,1988,NMS,NASDAQ,N,N,EQUITY
EFC,Ellington Financial Inc.,Ellington Financial Inc. Common Stock,1686964096,1989,NYQ,NYSE,N,N,EQUITY
IE,Ivanhoe Electric Inc.,Ivanhoe Electric Inc. Common Stock,1685805440,1990,ASE,NYSE American,N,N,EQUITY
ATLC,Atlanticus Holdings Corporation,Atlanticus Holdings Corporation - Common Stock,1682784256,1991,NMS,NASDAQ,N,N,EQUITY
RXRX,"Recursion Pharmaceuticals, Inc.","Recursion Pharmaceuticals, Inc. - Class A Common Stock",1682516224,1992,NMS,NASDAQ,N,N,EQUITY
SRPT,"Sarepta Therapeutics, Inc.","Sarepta Therapeutics, Inc. - Common Stock",1681829248,1993,NMS,NASDAQ,N,N,EQUITY
CNOB,"ConnectOne Bancorp, Inc.","ConnectOne Bancorp, Inc. - Common Stock",1680641408,1994,NMS,NASDAQ,N,N,EQUITY
SVV,"Savers Value Village, Inc.","Savers Value Village, Inc. Common Stock",1678449024,1995,NYQ,NYSE,N,N,EQUITY
IMKTA,"Ingles Markets, Incorporated","Ingles Markets, Incorporated - Class A Common Stock",1668655872,1996,NMS,NASDAQ,N,N,EQUITY
COUR,"Coursera, Inc.","Coursera, Inc. Common Stock",1663743616,1997,NYQ,NYSE,N,N,EQUITY
LILAK,Liberty Latin America Ltd.,Liberty Latin America Ltd. - Class C Common Stock,1663564032,1998,NMS,NASDAQ,N,N,EQUITY
AMPX,"Amprius Technologies, Inc.","Amprius Technologies, Inc. Common Stock",1659870464,1999,NYQ,NYSE,N,N,EQUITY
LZB,La-Z-Boy Incorporated,La-Z-Boy Incorporated Common Stock,1658464640,2000,NYQ,NYSE,N,N,EQUITY
